season,game_no,scorers
1921/22,1,"Tom Stuart, Charles Milnes, Fred Groves, John Ford"
1921/22,2,John Prentice
1921/22,5,"Denis Bullough, John Prentice"
1921/22,6,"Fred Groves, Denis Bullough"
1921/22,7,Denis Bullough
1921/22,8,"Fred Groves 2, Denis Bullough, Charlie Cunningham 4"
1921/22,9,"Johnny Campbell, John Ford, Fred Groves, Charlie Cunningham"
1921/22,12,Fred Groves 2
1921/22,13,"Fred Cook, Denis Bullough, John Prentice 2"
1921/22,14,"Fred Cook, Denis Bullough"
1921/22,16,Denis Bullough
1921/22,19,"Harold Hilton, Charlie Cunningham"
1921/22,20,John Prentice
1921/22,21,"James Roberts, Evan Lloyd"
1921/22,22,Harold Hilton
1921/22,23,"Jimmy Moreton, John Ford"
1921/22,27,Tom Stuart
1921/22,28,"Joe Mercer, Jimmy Moreton, David Fulton, OG"
1921/22,30,"Tom Stuart, David Fulton"
1921/22,32,"John Ford, David Fulton, OG"
1921/22,34,"Jimmy Moreton, Evan Lloyd"
1921/22,38,"Tom Stuart, Billy Rainford 2"
1921/22,39,"Johnny Campbell, Charles Milnes, Jimmy Moreton, Billy Rainford"
1922/23,1,Bernard Sharkey
1922/23,2,Bob Thompson
1922/23,3,"Bob Thompson, Ernest Phillips, Jimmy Moreton, Bernard Sharkey"
1922/23,4,Billy Rainford
1922/23,5,Billy Rainford
1922/23,6,"Billy Rainford, Jabez Evans"
1922/23,11,"Jimmy Moreton, OG"
1922/23,12,Jabez Evans
1922/23,17,"Bob Thompson, Bernard Sharkey"
1922/23,18,Fred Hayes
1922/23,22,James Robinson
1922/23,23,"Johnny Campbell, Sammy Beswick, Harold Hilton 2, Jabez Evans"
1922/23,25,"George Crowther, Jabez Evans 2"
1922/23,26,"Sammy Beswick, OG"
1922/23,28,Bob Thompson
1922/23,29,Sammy Beswick
1922/23,30,"Sammy Beswick, George Crowther"
1922/23,32,Stan Sayer
1922/23,33,"Sammy Beswick 2, Stan Sayer 2"
1922/23,34,"Sammy Beswick, Stan Sayer 2, John Lomax"
1922/23,35,"Johnny Campbell, Stan Sayer"
1922/23,36,"Stan Sayer, John Lomax"
1922/23,37,Stan Sayer
1922/23,38,"Bob Thompson, Sammy Beswick, Stan Sayer"
1922/23,39,OG
1923/24,1,"Johnny Campbell, Stan Sayer"
1923/24,4,"Stan Sayer, Bert Cartman 2"
1923/24,5,Stan Sayer
1923/24,6,Sammy Beswick
1923/24,7,"Jack Brown 2, Stan Sayer"
1923/24,8,Stan Sayer
1923/24,10,Stan Sayer
1923/24,11,Bert Cartman
1923/24,12,Stan Sayer
1923/24,13,Jack Brown
1923/24,14,Stan Sayer
1923/24,15,Harold Hilton
1923/24,17,Jack Brown 2
1923/24,18,Stan Sayer 3
1923/24,22,"Johnny Campbell, Stan Sayer"
1923/24,23,Stan Sayer
1923/24,24,"Stan Sayer, Bert Cartman"
1923/24,25,Fred Halstead
1923/24,26,Tom Stuart
1923/24,27,"Johnny Campbell, Sammy Beswick"
1923/24,28,Tom Stuart
1923/24,29,"Johnny Campbell, Stan Sayer"
1923/24,30,Jimmy Moreton
1923/24,31,Bert Cartman
1923/24,32,Harry Littlehales
1923/24,33,Stan Sayer
1923/24,34,Jimmy Moreton
1923/24,35,Harry Littlehales 2
1923/24,36,Stan Sayer
1923/24,37,"Jack Brown, Harry Littlehales, OG"
1923/24,39,"Jimmy Moreton 2, Stan Sayer, Harry Littlehales"
1923/24,40,"Jack Brown, Stan Sayer, Harry Littlehales"
1923/24,41,"Jack Brown 2, Harry Littlehales"
1923/24,45,"Jack Brown, Bert Cartman"
1924/25,1,"Johnny Campbell, Harry Littlehales"
1924/25,3,Jack Brown
1924/25,5,Dixie Dean
1924/25,8,"Jimmy Moreton, Dixie Dean"
1924/25,9,Dixie Dean
1924/25,10,Dixie Dean 2
1924/25,11,"Stan Sayer, Dixie Dean 3"
1924/25,12,Dixie Dean
1924/25,14,Bert Cartman
1924/25,15,"Johnny Campbell, Harry Littlehales"
1924/25,16,"Tom Stuart, Harry Littlehales"
1924/25,17,Stan Sayer
1924/25,19,"Jack Brown, Dixie Dean 2, Harry Littlehales 2"
1924/25,20,"Dixie Dean 2, Stan Sayer"
1924/25,22,Dixie Dean 2
1924/25,23,Dixie Dean
1924/25,25,Harry Littlehales
1924/25,27,"Billy Fogg, Dixie Dean 2, Harry Littlehales 2"
1924/25,28,Dixie Dean
1924/25,29,"Billy Fogg, Dixie Dean 3"
1924/25,31,Dixie Dean
1924/25,32,Harry Littlehales
1924/25,33,Dixie Dean 3
1924/25,34,Dixie Dean
1924/25,35,"Fred Halstead, Billy Fogg, Ellis Rimmer"
1924/25,36,"Tom Stuart, Harry Littlehales"
1924/25,38,Harry Littlehales
1924/25,39,"Stan Sayer, Bert Cartman"
1924/25,40,Tom Stuart
1924/25,41,Jimmy Jackson
1924/25,42,"Tom Stuart, Jack Brown"
1924/25,43,"Billy Fogg, Stan Sayer"
1924/25,44,Billy Fogg
1925/26,1,"Billy Roberts, Fred Marquis"
1925/26,3,"Vince Matthews, Billy Chalmers"
1925/26,4,"Vince Matthews, Bob White, Fred Marquis"
1925/26,6,Fred Marquis 2
1925/26,7,"Bob White, Fred Marquis 2"
1925/26,11,"Tom Stuart, Fred Marquis, Bob White 2, Norman Proctor"
1925/26,13,"Fred Marquis, Bob White"
1925/26,14,Billy Chalmers
1925/26,15,"Bob White, Billy Chalmers"
1925/26,16,"Fred Marquis, Bob White"
1925/26,18,Norman Proctor
1925/26,19,Norman Proctor
1925/26,21,"Fred Marquis, Norman Proctor, Billy Chalmers"
1925/26,22,Fred Marquis 2
1925/26,23,"Sammy Beswick, Fred Marquis, Norman Proctor"
1925/26,24,Billy Fogg
1925/26,25,Fred Marquis
1925/26,26,"Bob White, Norman Proctor"
1925/26,27,"Johnny Campbell, Bob White"
1925/26,28,Bob White 2
1925/26,30,"Sammy Beswick 2, Bert Cartman"
1925/26,31,"Tom Stuart, Bob White"
1925/26,32,Jimmy Moreton
1925/26,33,"Fred Marquis, Billy Charlton 2"
1925/26,34,Fred Marquis 2
1925/26,35,"Fred Marquis, Billy Charlton"
1925/26,36,"Tom Stuart, Bert Cartman, OG"
1925/26,37,"Fred Marquis, Harry Littlehales, Norman Proctor, Bert Cartman"
1925/26,38,"Fred Marquis, Harry Littlehales 2"
1925/26,39,Harry Littlehales
1925/26,42,Fred Marquis
1925/26,43,"Fred Marquis, Norman Proctor 2"
1925/26,44,"Bob White, Norman Proctor 3"
1926/27,1,"Fred Marquis, Billy Charlton, Bert Cartman"
1926/27,2,Billy Charlton
1926/27,3,"Fred Marquis 2, Billy Charlton 2"
1926/27,4,"Billy Charlton, Bert Cartman"
1926/27,6,"Norman Proctor, Bert Cartman, OG"
1926/27,7,Harry Littlehales
1926/27,9,OG
1926/27,10,Billy Charlton
1926/27,11,Billy Charlton
1926/27,12,"Fred Marquis, Billy Charlton, OG"
1926/27,13,Fred Marquis
1926/27,14,Jack Flanagan 3
1926/27,15,Billy Charlton
1926/27,16,Jack Flanagan
1926/27,17,Fred Marquis
1926/27,18,Harry Littlehales
1926/27,19,Bert Cartman
1926/27,20,"Jack Flanagan, Ellis Rimmer"
1926/27,21,"Fred Marquis, Jack Flanagan, Ellis Rimmer"
1926/27,22,"Jack Flanagan, Tommy Jones"
1926/27,23,"Ginger Lewis, Jack Flanagan 5, OG"
1926/27,24,"Jack Flanagan, Tommy Jones"
1926/27,25,"Vince Matthews, Bob White, Norman Proctor, Jack Flanagan 2, Tommy Jones 2, Ellis Rimmer"
1926/27,27,Ellis Rimmer
1926/27,28,Jack Flanagan
1926/27,29,"Bob White, Jack Flanagan 2"
1926/27,30,Ellis Rimmer
1926/27,31,"Jack Flanagan, Tommy Jones"
1926/27,32,Ellis Rimmer
1926/27,33,"Bob White, Fred Marquis, Jack Flanagan"
1926/27,34,"Jack Flanagan, Tommy Jones, Ellis Rimmer"
1926/27,35,Tommy Jones
1926/27,36,Ellis Rimmer
1926/27,39,"Fred Marquis, Jack Flanagan, Ellis Rimmer 2"
1926/27,40,Jack Flanagan 2
1926/27,42,"Billy Charlton 2, Tommy Jones"
1926/27,43,"Fred Marquis 2, Jack Flanagan, Tommy Jones 3"
1926/27,44,"Jack Flanagan, Bert Cartman"
1927/28,1,Jack Flanagan
1927/28,2,Billy Charlton
1927/28,3,"Pongo Waring 2, Tommy Jones"
1927/28,4,"Ginger Lewis, Ellis Rimmer"
1927/28,5,"Billy Charlton, Pongo Waring"
1927/28,6,Pongo Waring 2
1927/28,7,Pongo Waring
1927/28,9,"Bert Cartman, Billy Charlton, Pongo Waring 2, Ellis Rimmer"
1927/28,10,"Billy Charlton 2, Harry Littlehales"
1927/28,11,"Billy Charlton, Ellis Rimmer"
1927/28,12,"Pongo Waring, Ellis Rimmer"
1927/28,14,"Billy Charlton 2, Pongo Waring"
1927/28,15,"Billy Charlton 2, Pongo Waring"
1927/28,16,"Bert Cartman, Pongo Waring 3, Ellis Rimmer"
1927/28,17,"Jack Bamber, Ellis Rimmer 2"
1927/28,18,Harry Littlehales
1927/28,19,Pongo Waring
1927/28,20,Ellis Rimmer
1927/28,21,Harry Littlehales
1927/28,22,"Harry Littlehales, Ellis Rimmer"
1927/28,23,"Bert Cartman, Tommy Jones, Pongo Waring 6, Harry Littlehales 2, OG"
1927/28,26,"Fred Bedford, Billy Charlton, Pongo Waring, Harry Littlehales, Ellis Rimmer 2"
1927/28,27,"Fred Bedford, Billy Charlton"
1927/28,28,"Billy Charlton, Pongo Waring 2, Harry Littlehales"
1927/28,29,"Billy Charlton, Jack Flanagan, Harry Littlehales"
1927/28,30,"Tommy Jones 2, Billy Charlton, Jack Flanagan, Fred Urmson"
1927/28,31,Harry Littlehales
1927/28,32,"Harry Littlehales, Jack Flanagan, Harry Bevan"
1927/28,33,"Billy Charlton, Jack Flanagan"
1927/28,34,Tommy Jones
1927/28,35,"Billy Charlton 3, Jack Flanagan, Harry Littlehales"
1927/28,36,"Tommy Jones 2, Billy Charlton, Jack Flanagan 3, Harry Littlehales"
1927/28,37,"Jack Flanagan, Harry Bevan, Fred Urmson"
1927/28,38,"Tommy Jones, Billy Charlton, Harry Littlehales"
1927/28,39,"Billy Charlton, Jack Flanagan"
1927/28,42,"Tommy Jones 2, Billy Charlton 2, Jack Flanagan"
1927/28,44,"Jack Flanagan, Harry Littlehales"
1927/28,45,Sammy Beswick 2
1928/29,1,Tommy Jones
1928/29,2,Harry Littlehales
1928/29,3,"Jack Flanagan, Percy Richards"
1928/29,4,Billy Charlton
1928/29,5,Harry Littlehales
1928/29,6,Billy Charlton
1928/29,8,"Billy Charlton 2, Harry Littlehales"
1928/29,9,Fred Urmson
1928/29,10,"Ginger Lewis, Billy Charlton, Jack Flanagan"
1928/29,11,Jack Bamber
1928/29,12,Harry Littlehales
1928/29,13,"Billy Charlton 2, Sammy Beswick 2, Harry Littlehales, Bert Cartman"
1928/29,14,Sammy Beswick 2
1928/29,15,"Harry Littlehales 4, Bert Cartman 2"
1928/29,16,"Jack Flanagan, Sammy Beswick"
1928/29,17,"Tommy Jones, Harry Littlehales, OG"
1928/29,19,"Tommy Jones, Sammy Beswick"
1928/29,20,Sammy Beswick
1928/29,21,Sammy Beswick
1928/29,22,"Bert Cartman, Sammy Beswick"
1928/29,23,Bert Cartman
1928/29,25,Sammy Beswick
1928/29,26,Bert Cartman 2
1928/29,27,Harry Littlehales
1928/29,28,Teddy Barton
1928/29,29,Jack Flanagan
1928/29,30,Ginger Lewis
1928/29,31,"Billy Charlton, Fred Urmson"
1928/29,33,"Tommy Jones, Billy Charlton 3, Sammy Beswick"
1928/29,34,"Robert Gray, Sammy Beswick"
1928/29,35,"Billy Charlton, Sammy Beswick 2, OG"
1928/29,36,"Billy Charlton, Sammy Beswick 2"
1928/29,37,"Tommy Jones, Harry Littlehales"
1928/29,38,Fred Urmson
1928/29,39,Fred Urmson
1928/29,40,"Bert Cartman, Sammy Beswick, Harry Littlehales, Fred Urmson"
1928/29,41,"Tommy Jones, Sammy Beswick"
1928/29,42,Billy Charlton
1928/29,43,"Tommy Jones, Billy Charlton"
1928/29,44,"Tommy Naylor, Billy Charlton, Bill Ridding"
1929/30,1,"Tommy Naylor, Sammy Meston, Billy Charlton, Archie Waterston 2"
1929/30,2,Archie Waterston 3
1929/30,3,Sammy Meston
1929/30,4,Billy Charlton
1929/30,5,"Billy Charlton, Archie Waterston 3, Reg Cropper"
1929/30,6,"Ginger Lewis, Archie Waterston 2"
1929/30,8,"Billy Charlton, Reg Cropper 2"
1929/30,10,"Billy Charlton, Archie Waterston"
1929/30,11,"Bert Cartman, Archie Waterston"
1929/30,13,Billy Charlton
1929/30,14,"Billy Charlton 2, Archie Waterston, Bert Cartman"
1929/30,15,Bill Ridding 2
1929/30,16,"Billy Charlton 2, Archie Waterston"
1929/30,17,"Sammy Meston, Archie Waterston"
1929/30,21,"Bill Ridding, Fred Urmson 2"
1929/30,24,"Bert Cartman, Fred Urmson"
1929/30,25,"Billy Charlton 2, Archie Waterston"
1929/30,26,"Ginger Lewis, Billy Charlton, Archie Waterston"
1929/30,27,"Bert Cartman, Billy Charlton"
1929/30,28,"Bill Ridding, Reg Cropper"
1929/30,29,"Billy Charlton 2, Bill Ridding 3, Fred Urmson 2"
1929/30,30,Bill Ridding
1929/30,31,"Billy Charlton, Bill Ridding 4"
1929/30,32,Billy Charlton
1929/30,33,"Sammy Meston 2, Bert Cartman 2"
1929/30,34,Archie Waterston
1929/30,35,"Teddy Barton, Sammy Meston 2"
1929/30,36,Sammy Meston
1929/30,37,"Billy Charlton, Archie Waterston, Fred Urmson"
1929/30,38,"Billy Charlton, Fred Urmson"
1929/30,39,"Sammy Meston, Fred Urmson"
1929/30,41,Sammy Meston
1929/30,43,Fred Urmson
1929/30,44,Farewell Watts
1930/31,1,"Farewell Watts 2, Jack Kennedy"
1930/31,2,"Ernie Dixon, Jack Kennedy"
1930/31,3,"Farewell Watts 2, Ernie Dixon"
1930/31,4,Ernie Dixon
1930/31,5,"Sammy Meston, Ernie Dixon"
1930/31,6,"Sammy Meston 2, Farewell Watts 2"
1930/31,7,"Farewell Watts 2, Ernie Dixon, Jack Kennedy 3, OG"
1930/31,8,"Ernie Dixon, Jack Kennedy"
1930/31,9,"Jack Kennedy, Fred Urmson"
1930/31,10,"Farewell Watts, Ernie Dixon, Jack Kennedy"
1930/31,11,"Farewell Watts, Jack Kennedy"
1930/31,12,Jack Kennedy
1930/31,13,"Sammy Meston, Farewell Watts 2, Ernie Dixon 2, Jack Kennedy 2"
1930/31,14,"Farewell Watts, Jack Kennedy 2"
1930/31,15,"Farewell Watts 3, Ernie Dixon 2"
1930/31,16,"Sammy Meston, Jack Kennedy 2"
1930/31,17,"Ginger Lewis, Farewell Watts, Ernie Dixon, Fred Urmson"
1930/31,18,"Farewell Watts, Fred Urmson"
1930/31,20,"Farewell Watts, Ernie Dixon, Jack Kennedy 2"
1930/31,22,"Farewell Watts 2, Ernie Dixon 2, Jack Kennedy 2"
1930/31,23,"Farewell Watts, Jack Kennedy 3"
1930/31,24,"Ginger Lewis, Farewell Watts, Ernie Dixon 2, Jack Kennedy"
1930/31,25,Farewell Watts
1930/31,26,Ernie Dixon
1930/31,27,"Farewell Watts, Ernie Dixon 3, Jack Kennedy 4"
1930/31,28,"Sammy Meston, Ernie Dixon 2"
1930/31,30,"Jack Kennedy, Fred Urmson"
1930/31,31,"Sammy Meston, Farewell Watts, Ernie Dixon"
1930/31,32,Jack Kennedy
1930/31,33,"Farewell Watts, Ernie Dixon 2"
1930/31,34,"Ernie Dixon, Jack Kennedy 2, Fred Urmson"
1930/31,35,"Farewell Watts, Ernie Dixon 2, Jack Kennedy, Fred Urmson"
1930/31,36,Ernie Dixon 2
1930/31,37,"Sammy Meston, Farewell Watts, Fred Urmson"
1930/31,38,Fred Urmson 2
1930/31,40,"Ernie Dixon, Jack Kennedy"
1930/31,41,Teddy Barton
1930/31,43,Jack Kennedy
1931/32,1,"Farewell Watts, Ernie Dixon"
1931/32,3,"Sammy Meston, Farewell Watts, Ernie Dixon, Jack Kennedy, Fred Urmson"
1931/32,5,"Farewell Watts 2, Ernie Dixon 2, Fred Urmson 2"
1931/32,6,"Ernie Dixon, OG"
1931/32,7,Jack Kennedy
1931/32,8,"Sammy Meston 2, Bert Fishwick, Bert Whitehurst 4, Fred Urmson"
1931/32,9,Sammy Meston
1931/32,10,"Bert Fishwick, Jack Kennedy, Fred Urmson"
1931/32,11,Sammy Meston
1931/32,12,"Bert Whitehurst, Bert Fishwick"
1931/32,13,"Ginger Lewis, Fred Urmson"
1931/32,14,"Ernie Dixon, OG"
1931/32,15,"Sammy Meston 2, Ernie Dixon, Jack Kennedy 2"
1931/32,16,"Ernie Dixon, Bert Whitehurst, Fred Urmson"
1931/32,17,"Farewell Watts, Ernie Dixon 2, Bert Whitehurst, OG"
1931/32,18,"Sammy Meston, Ernie Dixon"
1931/32,19,"Ernie Dixon, Bert Whitehurst, Fred Urmson, OG"
1931/32,20,"Sammy Meston, Farewell Watts 5, Ernie Dixon 2, Bert Whitehurst"
1931/32,21,"Ginger Lewis, Sammy Meston, Farewell Watts, Ernie Dixon, Fred Urmson 2"
1931/32,22,Sammy Meston
1931/32,23,Ernie Dixon 2
1931/32,24,"Farewell Watts, Ernie Dixon"
1931/32,25,"Farewell Watts, Bert Whitehurst 2"
1931/32,26,Bert Whitehurst
1931/32,27,"Jack Kennedy, Fred Urmson"
1931/32,29,"Farewell Watts, Ernie Dixon"
1931/32,30,"Teddy Barton, Jack Kennedy"
1931/32,31,"Farewell Watts 2, OG"
1931/32,32,Bert Fishwick
1931/32,33,"Ernie Dixon, Fred Urmson 2"
1931/32,34,"Sammy Meston 2, Bunny Bell 2, Ernie Dixon, Fred Urmson"
1931/32,36,Bunny Bell
1931/32,37,Bunny Bell
1931/32,39,"Bert Fishwick, Jack Kennedy 2, Fred Urmson 2"
1931/32,40,"Bunny Bell 2, Jack Kennedy, OG"
1931/32,41,Bunny Bell 3
1931/32,43,"Bunny Bell 3, Bert Whitehurst"
1931/32,44,"Ernie Dixon, Fred Urmson"
1932/33,1,"Bunny Bell 2, Bert Whitehurst"
1932/33,2,Bunny Bell
1932/33,3,Bert Fishwick
1932/33,4,"Bunny Bell, Teddy Spencer, Fred Urmson"
1932/33,5,"Bert Fishwick, Bunny Bell"
1932/33,6,Bunny Bell
1932/33,7,"Bunny Bell, Fred Urmson"
1932/33,8,"Reg Spencer, Bunny Bell 2, Bert Whitehurst"
1932/33,10,"Itom McMurray, Bert Whitehurst, Fred Urmson"
1932/33,11,Itom McMurray 2
1932/33,12,Bert Whitehurst
1932/33,13,Farewell Watts
1932/33,14,"Itom McMurray, Bunny Bell"
1932/33,16,"Ernie Dixon, Bert Whitehurst, Fred Urmson"
1932/33,17,Ernie Dixon
1932/33,18,"Bert Whitehurst, Fred Urmson"
1932/33,19,"Farewell Watts 2, Ernie Dixon"
1932/33,21,"Ernie Dixon 2, Bert Whitehurst 2"
1932/33,22,"Bunny Bell, OG"
1932/33,23,"Bert Fishwick, Bert Whitehurst 2"
1932/33,24,"Fred Urmson, OG 2"
1932/33,25,Bert Whitehurst 2
1932/33,26,"Bert Whitehurst, Fred Urmson"
1932/33,27,"Arthur Adams, Farewell Watts, Bert Whitehurst"
1932/33,28,Fred Urmson
1932/33,31,Bert Whitehurst
1932/33,32,"Bunny Bell, Fred Urmson"
1932/33,33,"Farewell Watts, Fred Urmson"
1932/33,35,"Farewell Watts, OG"
1932/33,37,Teddy Spencer
1932/33,38,Fred Urmson
1932/33,39,"Bert Fishwick, Farewell Watts 2, Fred Urmson 2"
1932/33,40,"Robert Tong, Bunny Bell 2"
1932/33,41,"Farewell Watts, Bert Whitehurst, Fred Urmson"
1932/33,42,"Bunny Bell, OG"
1932/33,43,"Bunny Bell, Bert Whitehurst"
1932/33,47,Bunny Bell
1933/34,1,"Bert Whitehurst 2, Billy Woodward 3"
1933/34,3,"William Mackay, Farewell Watts, Fred Urmson"
1933/34,4,"Farewell Watts 2, Bert Whitehurst"
1933/34,5,"Farewell Watts, Bert Whitehurst"
1933/34,6,"Bert Whitehurst, Billy Woodward"
1933/34,9,Bunny Bell
1933/34,10,"Bunny Bell 4, Billy Woodward"
1933/34,11,Bunny Bell 2
1933/34,12,Bunny Bell
1933/34,14,"Bob Meacock, Bunny Bell 3, Fred Urmson 2"
1933/34,16,"Bunny Bell 4, Teddy Spencer 2, Fred Urmson"
1933/34,17,Bunny Bell
1933/34,18,"Tich Pearson, Bunny Bell 2, Billy Woodward"
1933/34,19,"Bunny Bell, Fred Urmson"
1933/34,20,"Bob Meacock, Bunny Bell 3, Billy Woodward"
1933/34,21,Fred Urmson
1933/34,22,"Bunny Bell, Fred Urmson"
1933/34,23,"Bunny Bell, Fred Urmson"
1933/34,24,"Farewell Watts, Billy Woodward, Fred Urmson"
1933/34,25,"Robert Hunt, Bunny Bell, Fred Urmson 2"
1933/34,26,"Billy Woodward, Fred Urmson"
1933/34,27,Bob Meacock
1933/34,28,"Bunny Bell, Fred Urmson"
1933/34,30,"Robert Hunt, Bunny Bell 2, Fred Urmson"
1933/34,32,Teddy Barton
1933/34,33,Bunny Bell
1933/34,34,"Billy Woodward 2, James Pennington"
1933/34,35,Bunny Bell 3
1933/34,36,Bunny Bell 2
1933/34,37,Billy Woodward
1933/34,38,"Samuel Brown, Billy Woodward"
1933/34,39,"Bunny Bell 2, Billy Woodward"
1933/34,40,"Samuel Brown, Fred Urmson 2"
1933/34,41,Billy Woodward
1933/34,42,"Bunny Bell, Fred Urmson 2"
1933/34,43,Fred Urmson
1933/34,44,Jack Watson
1933/34,45,Bunny Bell 3
1933/34,46,Fred Urmson
1934/35,1,"Bunny Bell 2, Fred Urmson"
1934/35,2,"Bunny Bell, Willie MacDonald"
1934/35,3,Fred Urmson
1934/35,4,Bunny Bell 2
1934/35,5,"Horace Baker, Bunny Bell"
1934/35,6,Fred Urmson
1934/35,7,"Horace Baker, Fred Urmson"
1934/35,8,Billy Woodward
1934/35,9,Willie MacDonald
1934/35,10,"Horace Baker, Bob Meacock, Fred Urmson 2"
1934/35,11,"Reg Spencer, Meynell Burgin 2, Billy Woodward"
1934/35,12,"Willie MacDonald, Fred Urmson"
1934/35,13,"Horace Baker, Fred Urmson"
1934/35,14,Meynell Burgin 2
1934/35,15,"Horace Baker 2, Billy Woodward"
1934/35,16,"Horace Baker 2, Fred Urmson"
1934/35,17,"Horace Baker, Meynell Burgin, Billy Woodward"
1934/35,18,Meynell Burgin 2
1934/35,19,"Horace Baker, Willie MacDonald, Meynell Burgin, Fred Urmson"
1934/35,22,Meynell Burgin 2
1934/35,23,Billy Woodward
1934/35,24,Meynell Burgin
1934/35,25,"Willie MacDonald, Meynell Burgin 3"
1934/35,26,"Meynell Burgin, Billy Woodward"
1934/35,27,"Meynell Burgin, Fred Urmson"
1934/35,29,Bert Heywood
1934/35,30,"Meynell Burgin, Billy Woodward"
1934/35,31,"Meynell Burgin 2, Fred Urmson"
1934/35,34,"William Glasper, Meynell Burgin, Billy Woodward, OG"
1934/35,36,Meynell Burgin 2
1934/35,38,"Willie MacDonald 2, Billy Woodward, Fred Urmson 2"
1934/35,40,Willie MacDonald
1934/35,41,"Meynell Burgin, Billy Woodward"
1934/35,43,"Willie MacDonald 2, Billy Woodward"
1935/36,2,"Hugh McLaren, Bunny Bell"
1935/36,3,"Hugh McLaren, Billy Woodward, Fred Urmson"
1935/36,4,Bunny Bell
1935/36,5,Willie MacDonald
1935/36,6,Bunny Bell 2
1935/36,7,"Bunny Bell 2, Billy Woodward"
1935/36,8,"Billy Eden, Willie MacDonald, Billy Woodward"
1935/36,9,"Hugh McLaren, Fred Urmson"
1935/36,11,Bunny Bell
1935/36,12,"Billy Eden, Bunny Bell 3"
1935/36,14,"Bunny Bell 4, OG 2"
1935/36,15,Bunny Bell
1935/36,16,"Bunny Bell 2, Fred Urmson"
1935/36,17,"Billy Woodward 2, Fred Urmson"
1935/36,18,"Willie MacDonald 2, Bunny Bell, Fred Urmson 2"
1935/36,19,"Billy Eden, Bunny Bell 3, Fred Urmson 2"
1935/36,20,Billy Eden
1935/36,21,OG
1935/36,22,"Willie MacDonald, Bunny Bell 9, Billy Woodward 2, Fred Urmson"
1935/36,23,"Billy Woodward, Fred Urmson, OG"
1935/36,26,"Willie MacDonald, Bunny Bell, Billy Woodward 2"
1935/36,27,"Willie MacDonald, Bunny Bell 2, Billy Woodward"
1935/36,28,"Bunny Bell, Fred Urmson"
1935/36,29,"Bunny Bell, Fred Urmson"
1935/36,30,"Bunny Bell, Billy Woodward 2, Fred Urmson"
1935/36,31,"Billy Woodward, Fred Urmson"
1935/36,32,"Horace Baker 2, Billy Woodward, Fred Urmson 3"
1935/36,33,Arthur Crompton
1935/36,34,Bunny Bell
1935/36,35,"Willie MacDonald, Bunny Bell, Billy Woodward 2"
1935/36,36,Reg Spencer
1935/36,37,"Ronnie Dellow 2, Billy Owen 2, Arthur Crompton"
1935/36,38,Willie MacDonald
1935/36,39,Billy Owen
1935/36,43,"Billy Woodward, Willie MacDonald, Edward Alcock"
1935/36,47,"Ronnie Dellow, Billy Eden, Billy Owen"
1936/37,1,"Ossie Jones 2, John Almond 2, OG"
1936/37,3,OG
1936/37,5,"Hugh McLaren, Ronnie Dellow, John Almond"
1936/37,6,"Alforth Miller, OG"
1936/37,7,Billy Eden 2
1936/37,8,OG
1936/37,10,"Ronnie Dellow, Billy Eden"
1936/37,11,"Pongo Waring, John Almond"
1936/37,13,"Joseph Carter, Pongo Waring 2"
1936/37,14,John Almond
1936/37,15,Albert Wood
1936/37,18,Albert Wood 2
1936/37,19,Pongo Waring 2
1936/37,20,"Ronnie Dellow, Pongo Waring"
1936/37,21,Ronnie Dellow
1936/37,22,Albert Wood
1936/37,23,"Ronnie Dellow, Ossie Jones, Pongo Waring 2, Billy Eden"
1936/37,24,Pongo Waring
1936/37,26,"Ronnie Dellow 3, Albert Wood"
1936/37,27,"Pongo Waring 2, Albert Wood"
1936/37,28,"Ossie Jones, Pongo Waring"
1936/37,29,"Ronnie Dellow, Pongo Waring, Billy Eden"
1936/37,30,"Ronnie Dellow 2, Pongo Waring, Albert Wood 2, Billy Eden"
1936/37,33,"Ernie Davies, Ronnie Dellow, Ossie Jones, Billy Eden"
1936/37,34,Ronnie Dellow
1936/37,36,"Ronnie Dellow, Billy Eden"
1936/37,39,Pongo Waring
1936/37,40,OG
1936/37,42,Ossie Jones
1936/37,43,"Billy Eden 2, Ossie Jones, Albert Wood 3"
1937/38,1,John Mayson
1937/38,2,"Billy Eden, Sidney Kearney, John Mayson"
1937/38,5,Pongo Waring
1937/38,6,"Pongo Waring, Sidney Kearney"
1937/38,7,"Billy Eden, James Cassidy 2, Pongo Waring 2"
1937/38,9,"George Flowers, Billy Eden, Ossie Jones, Pongo Waring, Stanley Duff"
1937/38,10,Stanley Duff
1937/38,11,Pongo Waring
1937/38,12,Pongo Waring
1937/38,13,"Billy Eden, Pongo Waring"
1937/38,14,"Archie Clark, James Cassidy"
1937/38,16,"Pongo Waring, Ted Buckley, Herbert King"
1937/38,17,"Ted Buckley, Stanley Duff"
1937/38,18,"Ronnie Dellow 2, Pongo Waring, Ted Buckley"
1937/38,19,"Ronnie Dellow, Pongo Waring, Ted Buckley"
1937/38,20,"Gilbert Wassell, Ted Buckley, Billy Eden"
1937/38,21,"Gilbert Wassell, Ted Buckley, Herbert King"
1937/38,22,"Ted Buckley, Herbert King"
1937/38,24,Ronnie Dellow
1937/38,25,"Ronnie Dellow, Pongo Waring 2"
1937/38,26,Pongo Waring
1937/38,27,"Ronnie Dellow, Ossie Jones, Herbert King, Billy Eden, OG"
1937/38,29,"Pongo Waring, Ossie Jones"
1937/38,30,Ted Buckley
1937/38,32,"Pongo Waring 2, Thomas Davis 2"
1937/38,33,Ronnie Dellow
1937/38,34,Pongo Waring
1937/38,36,"Thomas Davis, James Cassidy"
1937/38,37,"Pongo Waring, Billy Eden"
1937/38,38,"Ronnie Dellow 2, Billy Eden"
1937/38,39,"Ossie Jones, Pongo Waring, James Cassidy"
1937/38,40,"Ronnie Dellow, Ossie Jones"
1937/38,41,"Thomas Davis 2, Pongo Waring 2, James Cassidy, Billy Eden 2"
1937/38,42,"Thomas Davis, Pongo Waring"
1937/38,43,Billy Eden
1937/38,44,Billy Eden
1937/38,45,Ronnie Dellow
1938/39,1,"Duke Hamilton, Ronnie Dellow"
1938/39,2,Pongo Waring 2
1938/39,5,"Pongo Waring, Ted Buckley, OG"
1938/39,7,Pongo Waring
1938/39,8,Pongo Waring
1938/39,10,Ted Buckley
1938/39,11,"James Cassidy, Stan Docking 2"
1938/39,12,Ted Buckley
1938/39,13,"James Cassidy, Stan Docking"
1938/39,14,Ronnie Dellow
1938/39,16,James Griffiths
1938/39,19,Jack Roy
1938/39,20,Ronnie Dellow
1938/39,21,"Harry Travis, Stan Docking 2"
1938/39,22,"William Miller, Stan Docking"
1938/39,24,"Ted Buckley, Jack Roy"
1938/39,26,Stan Docking
1938/39,28,Ted Buckley 2
1938/39,29,"Billy Eden, James Cassidy"
1938/39,33,Harry Travis
1938/39,35,"Billy Eden, Harry Travis"
1938/39,38,Billy Eden 2
1938/39,39,Robert Thomas
1938/39,43,Jack Kearns
1945/46,1,Abe Rosenthal
1945/46,2,"Llew Ashcroft 2, Abe Rosenthal 2, Harold Atkinson, Stewie Williamson"
1945/46,3,"Harold Atkinson, Harold Bell, Abe Rosenthal"
1945/46,5,Harry Gould
1945/46,6,"Walter Price, Abe Rosenthal"
1946/47,1,Harold Atkinson
1946/47,2,"Harold Bell, Harold Atkinson"
1946/47,3,Harold Bridges
1946/47,4,"Llew Ashcroft, James Williamson"
1946/47,5,"Harold Atkinson 2, James Williamson"
1946/47,6,James Williamson
1946/47,7,Harold Atkinson 2
1946/47,8,Kinear Burns
1946/47,9,OG
1946/47,10,"Kinear Burns, Harold Atkinson"
1946/47,14,"Des Harlock, Harold Atkinson 2, Benny Jones"
1946/47,15,"Abe Rosenthal, Benny Jones"
1946/47,17,Des Harlock
1946/47,18,"Ten Salmon, Benny Jones"
1946/47,19,"Kinear Burns, Harold Atkinson, Abe Rosenthal"
1946/47,20,"Kinear Burns, Harold Atkinson 3, Benny Jones"
1946/47,21,Abe Rosenthal
1946/47,23,"Benny Jones, Ron Rice"
1946/47,24,"Benny Jones 2, Charles Birmingham"
1946/47,25,Benny Jones
1946/47,26,Harold Atkinson
1946/47,27,"Harold Atkinson 2, Alex Alexander"
1946/47,28,Abe Rosenthal 2
1946/47,29,Benny Jones
1946/47,30,Llew Ashcroft 3
1946/47,31,"Harold Atkinson, Benny Jones"
1946/47,32,"Harold Atkinson, Abe Rosenthal"
1946/47,34,Harold Atkinson
1946/47,35,"Harold Atkinson 2, Abe Rosenthal, Benny Jones"
1946/47,37,"Benny Jones, William Cartwright"
1946/47,38,Harold Atkinson
1946/47,39,"Alan Cox, Abe Rosenthal, Benny Jones"
1946/47,41,Benny Jones
1947/48,1,"Frank Curran, Benny Jones"
1947/48,2,Benny Jones
1947/48,3,"Harold Atkinson, Benny Jones"
1947/48,4,Harold Atkinson
1947/48,5,"Harold Atkinson 2, Frank Curran"
1947/48,6,"Des Harlock, Harold Atkinson, Frank Curran"
1947/48,7,"Gillie Alldis, Harold Atkinson 2, Cliff Leeming"
1947/48,8,Benny Jones
1947/48,9,Des Harlock
1947/48,11,"Des Harlock, Harry Lamb, Harold Bridges, Benny Jones"
1947/48,12,Harold Bridges
1947/48,14,Frank Curran 2
1947/48,16,"Frank Curran, Harold Bridges"
1947/48,18,"Des Harlock, Harold Bridges"
1947/48,19,"Harold Bridges, Cliff Leeming"
1947/48,21,"Harold Atkinson, Frank Curran"
1947/48,23,"John Connor, Harold Atkinson, Harold Bridges"
1947/48,26,"Harry Lamb, OG"
1947/48,28,"Harry Lamb, Harold Atkinson, Harold Bridges 2"
1947/48,29,"Des Harlock, Harold Atkinson"
1947/48,30,Harold Bridges
1947/48,31,"Harry Lamb, Harold Atkinson"
1947/48,32,Harold Atkinson 2
1947/48,33,Harry Lamb 2
1947/48,38,Harold Atkinson 2
1947/48,40,Alex Alexander
1947/48,41,Alan Cox
1947/48,44,John Connor
1948/49,1,Harold Atkinson
1948/49,4,"Harry Lamb, Harold Atkinson"
1948/49,5,"Harold Atkinson, Alex Alexander"
1948/49,6,"Andrew Jack 2, Stewie Williamson"
1948/49,7,"Andrew Jack, Stewie Williamson"
1948/49,8,Stewie Williamson
1948/49,10,Harry Lamb
1948/49,12,"Harold Atkinson, Stewie Williamson"
1948/49,13,Stewie Williamson
1948/49,16,Stewie Williamson
1948/49,17,"Harold Atkinson, OG"
1948/49,18,"Harry Gould 2, Gillie Alldis"
1948/49,19,Harry Gould
1948/49,20,"Seamus McBennett, James Pollard"
1948/49,21,John Barrie
1948/49,22,"Bill Bainbridge, OG"
1948/49,23,"Bill Bainbridge, Harry Eastham"
1948/49,24,"John Barrie, Harold Atkinson"
1948/49,25,Bill Bainbridge
1948/49,27,Bill Bainbridge
1948/49,30,"Len Kieran, Gillie Alldis"
1948/49,31,"Bill Bainbridge, Harold Atkinson 2"
1948/49,32,"Harold Atkinson, Gillie Alldis"
1948/49,36,Harold Atkinson 2
1948/49,38,John Connor
1948/49,41,"Bill Bainbridge, John Barrie"
1948/49,42,Bill Bainbridge
1948/49,43,Stewie Williamson
1949/50,2,Bill Bainbridge 2
1949/50,3,"Bill Bainbridge, James McKay"
1949/50,4,Bill Bainbridge 2
1949/50,5,Harry Eastham
1949/50,7,Harold Atkinson
1949/50,8,Stewie Williamson 2
1949/50,10,"Harry Eastham, Archie Wood"
1949/50,11,Bill Bainbridge
1949/50,12,Bill Bainbridge
1949/50,13,"Des Harlock, Bill Bainbridge, Harold Atkinson, Archie Wood"
1949/50,14,"Bill Bainbridge, Archie Wood"
1949/50,15,Harold Atkinson
1949/50,16,"Des Harlock, Bill Bainbridge"
1949/50,17,"Johnny Wheeler, Archie Wood"
1949/50,20,"Harry Lamb, Bill Bainbridge"
1949/50,22,Stewie Williamson
1949/50,25,"Johnny Wheeler, Harry Lamb, Archie Wood 2"
1949/50,27,Bill Bainbridge
1949/50,29,"Harold Atkinson 2, Abe Rosenthal"
1949/50,30,OG
1949/50,31,"Johnny Wheeler, Bill Bainbridge"
1949/50,32,Stewie Williamson
1949/50,33,Stewie Williamson
1949/50,35,"Bill Bainbridge, OG"
1949/50,36,Abe Rosenthal
1949/50,38,"Bill Bainbridge, Harold Atkinson"
1949/50,39,"Bill Bainbridge, Abe Rosenthal"
1949/50,41,"Des Harlock, Bill Bainbridge"
1949/50,42,Bill Bainbridge 2
1949/50,43,Harold Atkinson
1950/51,1,"Johnny Wheeler, Bill Bainbridge 2, Abe Rosenthal 4"
1950/51,2,"Bill Bainbridge, Abe Rosenthal"
1950/51,3,Bill Bainbridge
1950/51,4,"Abe Rosenthal, Lloyd Iceton 2"
1950/51,5,Harry Eastham
1950/51,6,"Des Harlock, Lloyd Iceton"
1950/51,7,Bill Bainbridge
1950/51,8,"Bill Bainbridge, Lloyd Iceton"
1950/51,9,Johnny Wheeler
1950/51,10,Abe Rosenthal 2
1950/51,11,"Johnny Wheeler, Bill Bainbridge"
1950/51,12,"Johnny Wheeler, Abe Rosenthal, Stewie Williamson 2"
1950/51,13,Abe Rosenthal
1950/51,14,Abe Rosenthal
1950/51,15,"Johnny Wheeler, Abe Rosenthal"
1950/51,17,"Harold Bell, Johnny Wheeler, Abe Rosenthal"
1950/51,18,"Des Harlock, Johnny Wheeler, Abe Rosenthal"
1950/51,19,Len Kieran
1950/51,20,"Johnny Wheeler, Stewie Williamson, Bill Bainbridge, Lloyd Iceton 2"
1950/51,22,Bill Bainbridge
1950/51,23,"Bill Bainbridge, Tom Doonan"
1950/51,24,"Bill Bainbridge, Tom Doonan, Stewie Williamson"
1950/51,25,Bill Bainbridge
1950/51,26,"Des Harlock 2, Bill Bainbridge, Stewie Williamson"
1950/51,27,"Des Harlock, Bill Bainbridge 2, Harry Eastham"
1950/51,28,Bill Bainbridge
1950/51,29,Abe Rosenthal
1950/51,30,Stewie Williamson
1950/51,31,"Des Harlock, Bill Bainbridge, Vince Dillon"
1950/51,33,Bill Bainbridge 2
1950/51,35,Len Kieran
1950/51,36,Vince Dillon
1950/51,37,Abe Rosenthal 2
1950/51,38,Vince Dillon
1950/51,39,"Vince Dillon, Lloyd Iceton, OG"
1950/51,40,"Harry Eastham, Vince Dillon 2"
1950/51,41,"Ralph Millington, Harry Eastham, Lloyd Iceton"
1950/51,42,Abe Rosenthal
1950/51,43,Harry Eastham
1950/51,44,Vince Dillon 2
1950/51,46,Vince Dillon
1950/51,47,"Len Kieran, Des Harlock"
1950/51,48,Harold Bell
1951/52,1,"Tommy Tilston 2, Bill Bainbridge, Abe Rosenthal"
1951/52,2,Tommy Tilston
1951/52,4,Bill Bainbridge 2
1951/52,5,"Harold Bell, Stewie Williamson, Tommy Tilston"
1951/52,6,Tommy Tilston
1951/52,7,Stewie Williamson
1951/52,8,"Tommy Tilston, Abe Rosenthal, OG"
1951/52,9,Stewie Williamson
1951/52,11,"Tommy Tilston, Harold Atkinson, Harry Eastham"
1951/52,13,"Tommy Tilston 2, Harold Atkinson"
1951/52,14,Harold Atkinson
1951/52,15,Vince Dillon
1951/52,17,Tommy Tilston
1951/52,18,Vince Dillon 2
1951/52,19,"Harold Atkinson 3, Lloyd Iceton"
1951/52,21,"Bill Bainbridge, Lloyd Iceton"
1951/52,22,OG
1951/52,23,Harold Atkinson
1951/52,25,"Ray Davies, Harold Atkinson 2"
1951/52,27,"Ray Davies, Tommy Tilston"
1951/52,28,"William Gibson, Abe Rosenthal"
1951/52,29,Abe Rosenthal 2
1951/52,30,"Bill Bainbridge, Tommy Tilston 3, Lloyd Iceton"
1951/52,31,"Ray Williams, Bill Bainbridge, Tommy Tilston 2, Abe Rosenthal"
1951/52,32,"Tommy Tilston, Abe Rosenthal"
1951/52,33,Bill Bainbridge
1951/52,35,"Stewie Williamson, Bill Bainbridge 2, Tommy Tilston, Kenny McDevitt"
1951/52,37,"Kenny McDevitt, Lloyd Iceton 2"
1951/52,38,"Bill Bainbridge, Harold Atkinson"
1951/52,39,Harold Atkinson 2
1951/52,41,Vince Dillon
1951/52,42,"Bill Bainbridge, Harold Atkinson"
1951/52,43,"Harold Atkinson 2, Kenny McDevitt"
1951/52,44,Bill Bainbridge
1951/52,46,"Ray Davies 2, Harry Eastham, Harold Atkinson"
1951/52,47,Ray Davies 3
1951/52,48,Kenny McDevitt
1951/52,50,"Ray Davies, Vince Dillon 2"
1951/52,51,"Vince Dillon 2, Lloyd Iceton"
1951/52,53,Bill Bainbridge
1952/53,4,Harold Atkinson
1952/53,7,"Harry Eastham, Lloyd Iceton"
1952/53,8,"Ray Davies 2, Harry Lamb, Cyril Done"
1952/53,9,Cyril Done 3
1952/53,10,Harry Lamb
1952/53,11,"Ray Davies, OG"
1952/53,12,Cyril Done
1952/53,13,Tom Mycock
1952/53,14,"Ray Davies, Lloyd Iceton"
1952/53,16,Kenny McDevitt 2
1952/53,17,"Kenny McDevitt, Cyril Done, Lloyd Iceton"
1952/53,19,"Ray Davies, Harold Atkinson 2, Kenny McDevitt, Lloyd Iceton"
1952/53,20,"Harold Atkinson 6, Cyril Done 2"
1952/53,22,Cyril Done 2
1952/53,23,Ray Williams
1952/53,24,"Cyril Done, Ray Williams"
1952/53,26,"Bill Bainbridge, Cyril Done"
1952/53,27,Ray Davies
1952/53,28,Lloyd Iceton
1952/53,29,Cyril Done
1952/53,32,"Cyril Done, Kenny McDevitt"
1952/53,33,"Cyril Done 3, OG"
1952/53,35,"Des Harlock, Harold Atkinson, Cyril Done"
1952/53,37,"Kenny McDevitt, Harold Atkinson, Cyril Done, Lloyd Iceton"
1952/53,40,Harold Atkinson
1952/53,41,"Ray Williams, Harry Eastham, Lloyd Iceton"
1952/53,42,Cyril Done
1952/53,43,"Ray Davies, Cyril Done"
1952/53,44,Cyril Done 2
1952/53,46,"Bill Bainbridge, Cyril Done"
1952/53,47,Cyril Done
1952/53,48,"Cyril Done, OG"
1952/53,49,"Ray Davies, Bill Bainbridge 2, Wiliam Jackson"
1952/53,50,Bill Bainbridge
1953/54,1,"Cyril Done, Lloyd Iceton"
1953/54,2,Cyril Done
1953/54,3,Cyril Done
1953/54,4,"Kenny McDevitt, Bill Bainbridge, Harold Atkinson, Cyril Done 2"
1953/54,7,Cyril Done
1953/54,8,"Kenny McDevitt, Cyril Done 3, Tom Mycock, OG"
1953/54,9,Cyril Done
1953/54,11,Ray Davies
1953/54,12,"Kenny McDevitt, Cyril Done"
1953/54,13,Cyril Done 2
1953/54,14,Ray Williams
1953/54,16,Kenny McDevitt
1953/54,17,Harold Atkinson 2
1953/54,18,"Ray Davies, Harold Atkinson"
1953/54,20,Cyril Done 2
1953/54,21,Ralph Millington
1953/54,22,Cyril Done
1953/54,23,"Ray Williams, Cyril Done"
1953/54,24,"Ray Williams 2, Cyril Done 3"
1953/54,27,Charlie Jolley 2
1953/54,28,Harold Atkinson 3
1953/54,29,Ray Williams
1953/54,30,"Bill Bainbridge, Cyril Done"
1953/54,31,Harold Atkinson
1953/54,33,Cyril Done
1953/54,34,Cyril Done
1953/54,35,"Ray Williams, Cyril Done"
1953/54,37,Bill Bainbridge
1953/54,38,Bill Bainbridge
1953/54,39,"Harold Atkinson, Don Woan"
1953/54,40,"Harold Atkinson, Tommy Williams"
1953/54,42,Harold Atkinson
1953/54,43,"Cyril Done, Don Woan"
1953/54,44,Cyril Done
1953/54,45,Cyril Done
1953/54,46,"Ray Williams, Bill Bainbridge, Cyril Done 2"
1953/54,47,Harold Atkinson
1953/54,49,Cyril Done
1953/54,50,Cyril Done
1953/54,51,Cyril Done
1954/55,1,OG
1954/55,2,Arthur Walls
1954/55,3,"Cyril Done, Abe Rosenthal"
1954/55,4,Cyril Done 2
1954/55,5,"Arthur Walls, Cyril Done, OG"
1954/55,6,Kenny McDevitt
1954/55,10,Abe Rosenthal
1954/55,11,Cyril Done
1954/55,12,Sammy Speakman
1954/55,14,"Cyril Done, Abe Rosenthal"
1954/55,15,Cyril Done
1954/55,16,Cyril Done
1954/55,17,"Kenny McDevitt, Cyril Done"
1954/55,18,Cyril Done 3
1954/55,19,Cyril Done
1954/55,20,"Cyril Done 2, Abe Rosenthal"
1954/55,23,Cyril Done 2
1954/55,24,Harold Atkinson
1954/55,25,Ralph Millington
1954/55,27,"Ray Davies, Ray Williams"
1954/55,28,"Kenny McDevitt 2, Mike Fleming"
1954/55,29,Ray Williams 2
1954/55,30,Derek Jones
1954/55,32,"Bill Lamont, Kenny McDevitt, Ray Williams"
1954/55,35,Harold Atkinson 2
1954/55,36,Mike Fleming
1954/55,37,Bill Lamont
1954/55,39,"Kenny McDevitt, Harold Bell"
1954/55,40,Harold Bell 2
1954/55,42,"Bill Lamont, Harold Atkinson 3, Harold Bell, Mike Fleming"
1954/55,46,Kenny McDevitt
1954/55,47,Arthur Walls
1954/55,48,Harold Bell
1955/56,2,"Harold Bell, Mike Fleming, Gerard Tansey"
1955/56,4,Noel Kelly
1955/56,7,"Ray Davies, Sammy Speakman 2, OG"
1955/56,8,"Ray Davies, Jackie Kidd"
1955/56,9,"Kenny McDevitt, Noel Kelly, Sammy Speakman"
1955/56,10,"Noel Kelly, Ray Davies 3"
1955/56,13,"Kenny McDevitt, Ray Davies"
1955/56,15,"Ray Davies, Sammy Speakman"
1955/56,17,Ray Williams
1955/56,18,Sammy Speakman
1955/56,19,"Ray Davies, Derek Jones"
1955/56,20,Sammy Speakman 2
1955/56,21,Derek Jones 2
1955/56,22,Kenny McDevitt
1955/56,24,"Kenny McDevitt, Arthur Walls, Jackie Kidd, Sammy Speakman"
1955/56,25,"Kenny McDevitt, Arthur Walls, Jackie Kidd"
1955/56,26,Len Kieran
1955/56,27,Arthur Walls
1955/56,29,Mike Fleming
1955/56,31,"Terry Stephens, Frank Parnell"
1955/56,32,"Frank Parnell, Sammy Speakman"
1955/56,34,"Kenny McDevitt, Derek Jones 2, Terry Stephens"
1955/56,35,"Derek Jones, Sammy Speakman"
1955/56,37,"Kenny McDevitt, Terry Stephens"
1955/56,39,Harold Bell
1955/56,40,"Derek Jones, Mike Fleming"
1955/56,44,Derek Jones
1955/56,46,"Noel Kelly, Derek Jones, Terry Stephens 2, OG"
1956/57,1,Phil Gwatkin
1956/57,3,"Phil Gwatkin, Noel Kelly"
1956/57,4,"Tony Spink, Noel Kelly"
1956/57,5,Tony Spink
1956/57,8,Derek Jones
1956/57,10,Derek Jones
1956/57,11,Verdi Godwin
1956/57,12,"Tommy Williams, Jim Dodd, Kenny McDevitt"
1956/57,14,Jim Dodd
1956/57,15,Peter Rees 2
1956/57,16,Frank Parnell
1956/57,17,"Tony Spink, Peter Rees"
1956/57,19,Ray Davies
1956/57,20,"Ray Davies, Phil Gwatkin, Verdi Godwin, Alan Hill"
1956/57,22,OG 2
1956/57,23,"Len Kieran, Jim Dodd, Mike Fleming"
1956/57,24,Jim Dodd
1956/57,26,"Phil Gwatkin, Alan Holder, Kenny McDevitt"
1956/57,27,Phil Gwatkin
1956/57,28,"Phil Gwatkin, Jim Dodd 2"
1956/57,30,"Jackie Heydon, Jim Dodd"
1956/57,31,"Kenny McDevitt, Jim Dodd"
1956/57,32,Peter Rees
1956/57,36,Bernard Molyneux
1956/57,40,"Kenny McDevitt 3, Jim Dodd"
1956/57,41,"Kenny McDevitt, Jim Dodd"
1956/57,42,"Jackie Kidd, Bernard Molyneux"
1956/57,44,"Noel Kelly, Bernard Molyneux"
1957/58,1,"Keith Williams, Alec Gaskell, Tommy Eglington"
1957/58,2,Alec Gaskell
1957/58,3,Tommy Eglington
1957/58,5,Keith Williams
1957/58,6,Tommy Eglington
1957/58,7,Tommy Eglington
1957/58,8,"Keith Williams, Alec Gaskell"
1957/58,9,"Charlie McDonnell, Keith Williams 3, Eddie Crossan"
1957/58,10,Eddie Crossan
1957/58,11,Mike Fleming
1957/58,13,"Eddie Crossan, Tommy Eglington"
1957/58,14,Eddie Crossan
1957/58,15,"Derek Jones 2, Keith Williams 2"
1957/58,16,"Charlie McDonnell, Keith Williams, Derek Jones"
1957/58,17,Charlie McDonnell
1957/58,18,"Keith Williams, Derek Jones"
1957/58,19,"Keith Williams, Tommy Eglington"
1957/58,20,"Wilf Charlton, Keith Williams 2, Eddie Crossan"
1957/58,21,Keith Williams 2
1957/58,22,"Keith Williams, Jim Dodd, Tommy Eglington"
1957/58,23,"Peter Farrell, Keith Williams, Jim Dodd"
1957/58,24,"Keith Williams, Tommy Eglington"
1957/58,25,"Kenny McDevitt, Charlie McDonnell, Tommy Eglington 2"
1957/58,26,Jim Dodd
1957/58,27,Keith Williams
1957/58,28,"Keith Williams 3, Jim Dodd 3"
1957/58,30,"Keith Williams, Jim Dodd"
1957/58,31,"Kenny McDevitt, Keith Williams, Eddie Crossan"
1957/58,34,Keith Williams 3
1957/58,36,"Keith Williams, Alec Gaskell 3, Tommy Eglington"
1957/58,38,Ken Finney 2
1957/58,40,Wilf Charlton
1957/58,41,"Kenny McDevitt, Ken Finney, Tony Rowley, Tommy Eglington"
1957/58,42,Tommy Eglington
1957/58,43,"Keith Williams, Jim Dodd"
1957/58,45,OG
1957/58,46,Keith Williams
1957/58,48,"Kenny McDevitt, Jim Dodd"
1957/58,49,"Kenny McDevitt, Tommy Eglington"
1958/59,1,"Charlie McDonnell 2, OG"
1958/59,2,Tony Rowley
1958/59,4,"Tony Rowley, Keith Williams"
1958/59,6,"Keith Williams, Tony Rowley, Charlie McDonnell"
1958/59,7,Keith Williams 3
1958/59,8,Charlie McDonnell
1958/59,10,"Keith Williams 2, Charlie McDonnell 2"
1958/59,11,"Keith Williams 2, Charlie McDonnell"
1958/59,12,"Keith Williams, OG"
1958/59,15,Jim Dodd
1958/59,16,"Keith Williams, Johnny Green"
1958/59,17,"Johnny Green, Tommy Eglington"
1958/59,18,Tommy Eglington
1958/59,19,"Tony Rowley, OG"
1958/59,20,"Ken Finney, Keith Williams 4, Tony Rowley, Johnny Green, Tommy Eglington"
1958/59,21,Tony Rowley 2
1958/59,22,Tony Rowley
1958/59,23,Tony Rowley
1958/59,24,"Keith Williams 2, Tony Rowley 2, Johnny Green"
1958/59,26,Charlie McDonnell 2
1958/59,27,"Charlie McDonnell, Jim Dodd 3"
1958/59,28,Charlie McDonnell
1958/59,29,Charlie McDonnell
1958/59,31,"Keith Williams, Tony Rowley"
1958/59,32,Keith Williams
1958/59,33,"Keith Williams, Tony Rowley 2, Tommy Eglington"
1958/59,34,"Tony Rowley 2, Johnny Green"
1958/59,35,Ken Finney 2
1958/59,36,"Tony Rowley, Johnny Green, Tommy Eglington"
1958/59,38,"Tony Rowley, Charlie McDonnell"
1958/59,39,Tony Rowley 2
1958/59,41,Keith Williams
1958/59,42,"Keith Williams, Tony Rowley"
1958/59,44,"Keith Williams, Tony Rowley"
1958/59,45,"Keith Williams 2, Charlie McDonnell"
1958/59,46,"Ken Finney, Keith Williams, Tony Rowley 4, Tommy Eglington, OG 2"
1959/60,1,"Ken Finney, Tony Rowley, Tommy Eglington 3"
1959/60,3,Tommy Eglington
1959/60,5,"Wilf Charlton, Ken Finney, Keith Williams, Tony Rowley, Jimmy Mulkerrin, Tommy Eglington"
1959/60,6,Tony Rowley
1959/60,7,"Keith Williams 2, Jimmy Mulkerrin 2"
1959/60,8,"Ken Finney, Keith Williams"
1959/60,9,Tommy Eglington
1959/60,12,"Derek Jones 2, Tommy Eglington"
1959/60,15,Charlie McDonnell
1959/60,16,"Ken Finney, Derek Jones, Charlie McDonnell"
1959/60,17,Tommy Eglington
1959/60,18,Wilf Charlton
1959/60,19,"Keith Williams, Charlie McDonnell, Tommy Eglington"
1959/60,20,"Jimmy Mulkerrin, Tommy Eglington 2"
1959/60,23,"Tony Rowley, Tommy Eglington"
1959/60,24,"Keith Williams, Tony Rowley, Charlie McDonnell 2"
1959/60,25,"Keith Williams, Tony Rowley 2"
1959/60,26,"Tony Rowley, Charlie McDonnell"
1959/60,28,Ken Finney
1959/60,29,Bobby Harrop
1959/60,31,"Tony Rowley 2, Jimmy Mulkerrin 2"
1959/60,32,Ken Finney
1959/60,33,"Keith Williams, Tony Rowley"
1959/60,34,"Tony Rowley, Jimmy Mulkerrin"
1959/60,35,"Tony Rowley, OG"
1959/60,37,Keith Williams
1959/60,38,Keith Williams
1959/60,39,Graham Barnett
1959/60,40,Graham Barnett
1959/60,41,"Ken Bracewell, Graham Barnett"
1959/60,42,"Charlie McDonnell, Graham Barnett"
1959/60,44,Keith Williams
1959/60,46,"Tony Rowley, Graham Barnett"
1959/60,47,Jackie Hood 2
1960/61,1,Graham Barnett
1960/61,2,"Ken Finney, Graham Barnett"
1960/61,5,"Ken Finney, Elkanah Onyeali 2, Tommy Eglington"
1960/61,6,"Ken Finney, Elkanah Onyeali"
1960/61,8,"Keith Williams, Tommy Eglington"
1960/61,9,"Keith Williams 3, Elkanah Onyeali"
1960/61,10,Graham Barnett 2
1960/61,11,Elkanah Onyeali
1960/61,12,"Ken Finney, Keith Williams"
1960/61,13,Tommy Eglington
1960/61,14,Elkanah Onyeali
1960/61,15,"Bobby Harrop, Elkanah Onyeali"
1960/61,16,"Ken Finney 2, Keith Williams"
1960/61,17,"Elkanah Onyeali, Tommy Eglington"
1960/61,18,"Keith Williams, Tony Rowley, Tommy Eglington"
1960/61,19,Keith Williams
1960/61,20,Keith Williams
1960/61,21,"Keith Williams, Tony Rowley"
1960/61,22,Keith Williams
1960/61,23,Keith Williams
1960/61,24,"Keith Williams, Elkanah Onyeali"
1960/61,25,Tony Rowley
1960/61,26,Tony Rowley 2
1960/61,27,"Keith Williams, Tony Rowley"
1960/61,30,"Keith Williams, Tony Rowley, Graham Barnett"
1960/61,31,"Tony Rowley, Ken Price"
1960/61,32,Tommy Eglington
1960/61,33,Ken Price
1960/61,34,"Keith Williams 3, Jimmy Mulkerrin, Tommy Eglington, OG"
1960/61,35,"Keith Williams, Graham Barnett"
1960/61,36,Keith Williams 2
1960/61,37,Ken Finney
1960/61,39,Keith Williams
1960/61,40,"Keith Williams, Alan Arnell 2"
1960/61,42,"Tommy Murray, Keith Williams 2, Alan Arnell, Ralph Gubbins 2, Tommy Eglington"
1960/61,43,Keith Williams
1960/61,44,Keith Williams
1960/61,45,Alan Arnell
1960/61,46,"Keith Williams, Alan Arnell"
1960/61,47,Keith Williams
1960/61,48,Ralph Gubbins 2
1960/61,50,"Keith Williams, Ralph Gubbins"
1960/61,51,Ralph Gubbins
1960/61,52,Charlie McDonnell
1961/62,1,Alan Arnell
1961/62,2,Les Campbell
1961/62,3,Tommy Neill
1961/62,4,"Peter Jackson, Alan Arnell, Les Campbell"
1961/62,5,"Ken Finney, David Jackson, Ralph Gubbins"
1961/62,6,Ken Finney
1961/62,7,Alan Arnell 3
1961/62,8,"Ralph Gubbins, Alan Arnell 2"
1961/62,10,"Ralph Gubbins, Alan Arnell 3"
1961/62,11,"Ralph Gubbins, Alan Arnell"
1961/62,14,Ken Finney
1961/62,15,"Ken Finney, John Frye, Alan Arnell"
1961/62,16,"Alan Arnell, Ralph Gubbins 2"
1961/62,17,"John Frye, Alan Arnell"
1961/62,18,Ralph Gubbins
1961/62,19,"John Frye, Alan Arnell"
1961/62,20,"Ken Finney, John Frye, Ralph Gubbins 2, Jimmy Anders"
1961/62,21,Ralph Gubbins 2
1961/62,22,"Johnny King, Ralph Gubbins"
1961/62,24,John Frye
1961/62,26,Alan Arnell
1961/62,28,"Ralph Gubbins 2, John Frye"
1961/62,30,Alan Arnell
1961/62,31,"Ralph Gubbins 2, Alan Arnell 3"
1961/62,32,"Tommy Neill, John Frye, Ken Finney"
1961/62,33,OG
1961/62,34,"Ralph Gubbins, Alan Arnell"
1961/62,36,"John Byrne, Ralph Gubbins"
1961/62,37,"John Byrne, Ralph Gubbins, Alan Arnell 2"
1961/62,38,Ralph Gubbins
1961/62,40,"Ken Finney, John Byrne"
1961/62,41,Ralph Gubbins
1961/62,43,"John Byrne, Alan Arnell 2"
1961/62,44,Alan Arnell 2
1962/63,1,"Ralph Gubbins, Alan Arnell"
1962/63,3,Malcolm Edwards
1962/63,5,John Manning
1962/63,6,"Jimmy Milner, Ralph Gubbins"
1962/63,7,"Les Campbell 3, Jimmy Milner, Alan Arnell 2"
1962/63,8,Dave Hickson
1962/63,9,"Jimmy Milner, Dave Hickson 2"
1962/63,10,Dave Hickson
1962/63,11,"Ralph Gubbins, Les Jones, Dave Hickson 2, Alan Arnell 3"
1962/63,12,"Bobby Conroy, Les Jones, Barry Dyson"
1962/63,13,Ralph Gubbins
1962/63,14,"Les Jones, Dave Hickson"
1962/63,15,"Dave Hickson, Barry Dyson"
1962/63,16,"Ralph Gubbins, Barry Dyson"
1962/63,17,Ralph Gubbins
1962/63,19,"Les Jones, Dave Hickson"
1962/63,20,Les Jones 2
1962/63,21,"John Manning 2, Dave Hickson 2"
1962/63,22,"Dave Hickson 3, Les Jones"
1962/63,23,Les Jones
1962/63,24,"Barry Dyson, OG"
1962/63,25,"Les Jones, Dave Hickson, Ralph Gubbins"
1962/63,26,"Johnny King, Les Jones"
1962/63,27,Dave Hickson
1962/63,28,Ken Finney
1962/63,29,"Dave Hickson, Ralph Gubbins, Barry Dyson"
1962/63,30,Dave Hickson
1962/63,32,"Dave Hickson 2, OG"
1962/63,33,John Manning 2
1962/63,35,"Barry Dyson 2, Jimmy Milner"
1962/63,36,"Johnny King, Barry Dyson, Dave Hickson"
1962/63,37,"Barry Dyson, Dave Hickson"
1962/63,40,"Dave Hickson, OG"
1962/63,42,"Barry Dyson, David Jackson 3, Ronnie Roberts"
1962/63,43,Barry Dyson
1962/63,44,"Ralph Gubbins, David Jackson"
1962/63,46,Barry Dyson
1962/63,48,John Manning 2
1962/63,49,"John Manning, Joe Pritchard 2"
1962/63,50,"Barry Dyson, Alan King"
1963/64,1,Barry Dyson
1963/64,2,Barry Dyson
1963/64,3,"Johnny King, Ralph Gubbins, Les Jones 2, Dave Hickson, OG"
1963/64,4,Barry Dyson 2
1963/64,5,"Les Jones, Dave Hickson, Barry Dyson 2"
1963/64,6,"Les Jones, Barry Dyson"
1963/64,9,Barry Dyson
1963/64,10,"Bobby Conroy, Barry Dyson"
1963/64,12,"Les Campbell, OG"
1963/64,14,"Peter Jackson, John Manning"
1963/64,15,Bernard Evans
1963/64,16,Barry Dyson
1963/64,17,Bernard Evans
1963/64,19,"Charlie McDonnell, Bernard Evans"
1963/64,20,"Barry Dyson, Ronnie Roberts"
1963/64,21,"Bernard Evans, Barry Dyson"
1963/64,22,Charlie McDonnell
1963/64,24,Les Jones
1963/64,25,"Les Jones, John Manning, Barry Dyson"
1963/64,26,"Les Campbell, John Manning, OG"
1963/64,27,"John Manning, Barry Dyson"
1963/64,28,Barry Dyson
1963/64,29,John Manning
1963/64,30,"Les Jones, John Manning 2"
1963/64,31,"John Manning, Barry Dyson 2"
1963/64,32,"Les Jones, John Manning, Barry Dyson"
1963/64,33,"John Manning, Barry Dyson 2"
1963/64,34,John Manning
1963/64,35,"Peter Jackson, Les Jones, Barry Dyson"
1963/64,36,"Malcolm Edwards, John Manning"
1963/64,37,"Les Jones, Barry Dyson"
1963/64,38,"Les Jones, Barry Dyson"
1963/64,40,John Manning 2
1963/64,41,"Les Campbell, Les Jones, John Manning, Barry Dyson"
1963/64,42,"Les Jones, OG"
1963/64,44,Barry Dyson 2
1963/64,45,"Les Campbell, Les Jones, John Manning, Barry Dyson 2"
1963/64,46,"Les Jones, Barry Dyson"
1963/64,47,"Bernard Evans, OG"
1963/64,48,Barry Dyson
1963/64,49,John Manning 2
1963/64,50,John Manning 2
1964/65,1,"John Manning 2, Barry Dyson 3"
1964/65,2,"Jack Lornie, John Manning 2, Charlie McDonnell"
1964/65,3,Barry Dyson
1964/65,4,"John Manning 2, Barry Dyson, Charlie McDonnell"
1964/65,5,"John Manning, Charlie McDonnell"
1964/65,6,John Manning
1964/65,8,John Manning
1964/65,9,"John Manning 2, Charlie McDonnell, Jimmy Weir"
1964/65,10,"Barry Dyson 2, Les Jones 2, Jimmy Weir"
1964/65,12,"Mandy Hill, Barry Dyson, John Manning 2, Charlie McDonnell, Jimmy Weir"
1964/65,14,"John Manning, Charlie McDonnell"
1964/65,15,"Barry Dyson 2, Charlie McDonnell"
1964/65,17,"John Manning 3, Charlie McDonnell 2"
1964/65,18,"Mandy Hill 2, Charlie McDonnell"
1964/65,19,"Eddie Stuart, John Manning"
1964/65,20,"John Manning, Charlie McDonnell 2"
1964/65,21,"Les Jones 2, John Manning"
1964/65,22,"Alan King, Charlie McDonnell, Alan A'Court"
1964/65,25,Barry Dyson 2
1964/65,26,"Roy Sinclair, Barry Dyson, Charlie McDonnell, Alan A'Court"
1964/65,27,Charlie McDonnell
1964/65,28,"Barry Dyson 2, Charlie McDonnell"
1964/65,29,"Les Jones 2, Barry Dyson, Charlie McDonnell"
1964/65,30,Barry Dyson
1964/65,31,Barry Dyson
1964/65,33,"Charlie McDonnell, OG"
1964/65,35,"Mandy Hill, Barry Dyson"
1964/65,36,"John Manning, Charlie McDonnell"
1964/65,37,"Barry Dyson, John Manning, Charlie McDonnell"
1964/65,38,Barry Dyson
1964/65,39,Charlie McDonnell 2
1964/65,40,Barry Dyson
1964/65,41,Eddie Stuart
1964/65,43,"Barry Dyson, Charlie McDonnell 2, Alan A'Court"
1964/65,44,"Alan King, Roy Sinclair, Barry Dyson, Alan A'Court"
1964/65,45,Barry Dyson
1964/65,47,Barry Dyson 2
1964/65,48,Barry Dyson
1964/65,49,"Jack Lornie, Barry Dyson"
1965/66,1,Barry Dyson 2
1965/66,2,Alan King
1965/66,3,Frank Twist
1965/66,4,"John Manning, Barry Dyson"
1965/66,5,Barry Dyson 2
1965/66,6,"Barry Dyson, Bruce Crawford"
1965/66,7,"Joe Pritchard, Bruce Crawford"
1965/66,8,Barry Dyson
1965/66,10,Barry Dyson 2
1965/66,11,"Alan King, John Manning 2, Barry Dyson, OG"
1965/66,14,Roy Parnell
1965/66,15,"Jack Lornie 2, John Manning, Barry Dyson 2"
1965/66,16,Alan King
1965/66,17,"Alan King, John Manning 2, Barry Dyson 2, OG"
1965/66,18,"Joe Pritchard, John Manning"
1965/66,19,John Manning
1965/66,22,"Bruce Crawford, John Manning, Barry Dyson"
1965/66,24,"John Manning, Barry Dyson 2, Roy Sinclair 3"
1965/66,25,Barry Dyson
1965/66,27,"John Manning 2, Barry Dyson, Bruce Crawford, Alan A'Court 2"
1965/66,28,"Jack Lornie, Bruce Crawford, Graham Stanley"
1965/66,30,"Alan King 2, Barry Dyson, Roy Sinclair, Alan A'Court"
1965/66,31,"Mandy Hill, Barry Dyson, Alan A'Court"
1965/66,32,"Joe Pritchard, Barry Dyson 2"
1965/66,33,"John Manning, Alan A'Court 3"
1965/66,34,Barry Dyson
1965/66,35,OG
1965/66,36,Barry Dyson
1965/66,37,John Manning
1965/66,38,John Manning
1965/66,39,Alan King
1965/66,40,Jack Lornie
1965/66,42,Roy Parnell
1965/66,44,Alan King
1965/66,45,"Mandy Hill, John Manning 2, Barry Dyson 2, Frank Twist"
1965/66,46,"Mandy Hill, Barry Dyson, Frank Twist"
1965/66,47,"John Manning, Barry Dyson 3, Joe Pritchard"
1965/66,48,"John Manning, OG"
1966/67,2,"Barry Ashworth, John Manning 2, Barry Dyson, Roy Sinclair"
1966/67,4,Graham Williams
1966/67,5,"John Manning, Barry Dyson 2"
1966/67,6,"Mandy Hill, John Manning"
1966/67,7,Joe Pritchard
1966/67,8,John Manning
1966/67,10,Graham Williams
1966/67,11,Roy Sinclair 2
1966/67,12,"Barry Ashworth, Joe Pritchard"
1966/67,13,Joe Pritchard
1966/67,14,"Barry Ashworth, Alan King, John Manning 2, Brian Westlake"
1966/67,15,"Joe Pritchard, Graham Williams"
1966/67,17,"Joe Pritchard, Brian Westlake"
1966/67,19,Brian Westlake
1966/67,20,Mandy Hill
1966/67,22,Roy Parnell
1966/67,23,Graham Williams
1966/67,25,Joe Pritchard
1966/67,26,George Yardley
1966/67,28,"George Yardley 2, Alan King"
1966/67,29,George Yardley
1966/67,30,"Barry Ashworth, Graham Williams"
1966/67,31,Graham Williams
1966/67,32,"George Yardley, George Hudson, Graham Williams, OG"
1966/67,34,"George Yardley, Joe Pritchard"
1966/67,35,George Yardley 2
1966/67,36,"Teddie Robertson, George Yardley"
1966/67,37,"George Yardley, George Hudson"
1966/67,39,George Yardley
1966/67,40,Joe Pritchard
1966/67,41,"Johnny King, George Yardley"
1966/67,43,Dennis Stevens
1966/67,44,Stan Storton
1966/67,45,"George Hudson, Roy Sinclair"
1966/67,46,"George Yardley 2, George Hudson"
1966/67,47,Joe Pritchard
1966/67,48,"Alan King, George Yardley, Graham Williams"
1966/67,49,Graham Williams
1966/67,51,"Dennis Stevens, George Hudson, Graham Williams"
1966/67,52,"George Hudson, George Yardley, Joe Pritchard"
1967/68,2,"Joe Pritchard, George Yardley"
1967/68,3,George Yardley
1967/68,4,George Yardley
1967/68,5,Joe Pritchard 2
1967/68,6,George Yardley 4
1967/68,9,"Joe Pritchard, George Yardley"
1967/68,10,Alan King
1967/68,11,"Gerry Casey, George Yardley 3"
1967/68,12,George Yardley
1967/68,13,"Dennis Stevens, Joe Pritchard, Graham Williams"
1967/68,14,Joe Pritchard
1967/68,16,George Yardley 2
1967/68,17,"George Yardley, Kenny Beamish"
1967/68,18,Graham Williams
1967/68,19,"Alan King, Joe Pritchard, Kenny Beamish"
1967/68,20,George Yardley 3
1967/68,21,Joe Pritchard
1967/68,22,George Yardley
1967/68,23,"George Yardley, George Hudson 2"
1967/68,24,"George Yardley, George Hudson 3, Graham Williams"
1967/68,25,George Hudson 2
1967/68,27,George Yardley
1967/68,28,"Alan King, George Yardley"
1967/68,29,"Dennis Stevens, George Yardley, John MacNamee"
1967/68,30,"Alan King, John MacNamee"
1967/68,31,"Kenny Beamish, Graham Williams"
1967/68,32,"Alan King, John MacNamee"
1967/68,33,"George Yardley, Graham Williams"
1967/68,34,Alan King
1967/68,35,"George Yardley, George Hudson"
1967/68,36,Kenny Beamish
1967/68,37,"George Yardley, Kenny Beamish"
1967/68,38,Mandy Hill
1967/68,42,Derek Smith
1967/68,43,"John MacNamee, Kenny Beamish, Roy Sinclair"
1967/68,44,Alan King
1967/68,45,Joe Pritchard
1967/68,48,Joe Pritchard
1967/68,51,"Roy Sinclair, Joe Pritchard"
1967/68,52,Joe Pritchard
1967/68,54,George Hudson
1968/69,1,"Gerry Casey, George Yardley"
1968/69,3,George Yardley
1968/69,4,"Gerry Casey, George Yardley"
1968/69,5,George Yardley
1968/69,6,George Yardley
1968/69,7,"Kenny Beamish, George Yardley"
1968/69,8,Gerry Casey
1968/69,10,"George Yardley 2, Alan King"
1968/69,12,John MacNamee
1968/69,15,"Frank Gill, Alan King"
1968/69,16,"Derek Smith, Kenny Beamish, George Hudson"
1968/69,17,"George Yardley, John MacNamee 2"
1968/69,18,"Derek Smith, George Yardley"
1968/69,20,George Hudson
1968/69,21,"Derek Smith, Kenny Beamish"
1968/69,22,"George Hudson, Roy Sinclair"
1968/69,23,"George Yardley 2, Roy Sinclair"
1968/69,25,Kenny Beamish
1968/69,26,"George Yardley 2, Roy Sinclair 2"
1968/69,28,"George Hudson, Kenny Beamish"
1968/69,30,"Gerry Casey, George Hudson, Kenny Beamish 2"
1968/69,31,George Hudson
1968/69,32,Roy Sinclair
1968/69,33,"Gerry Casey, Joe Pritchard, Roy Sinclair"
1968/69,37,Alan King
1968/69,38,"George Hudson, OG"
1968/69,40,John MacNamee
1968/69,41,"John Rowland, Kenny Beamish"
1968/69,42,"Dave Moorcroft, Kenny Beamish"
1968/69,43,"Alan King, Derek Smith"
1968/69,44,Kenny Beamish
1968/69,45,"Alan King, John Rowland"
1968/69,46,"Alan King, Derek Smith 2, Kenny Beamish 3"
1968/69,47,"John Rowland, Derek Smith 2, Kenny Beamish, John MacNamee"
1968/69,49,Derek Smith 2
1968/69,52,John MacNamee
1969/70,1,"George Yardley 2, Derek Smith"
1969/70,2,Kenny Beamish
1969/70,3,"George Yardley 2, Derek Smith"
1969/70,4,"Kenny Beamish, Joe Pritchard, George Yardley"
1969/70,5,John MacNamee
1969/70,6,George Yardley
1969/70,7,"George Yardley, Derek Smith"
1969/70,8,Alan King
1969/70,9,Derek Smith
1969/70,11,George Yardley 3
1969/70,15,George Yardley
1969/70,16,"George Yardley, Derek Smith, John MacNamee 2, OG"
1969/70,19,"Alan King, Kenny Beamish"
1969/70,20,"Derek Smith, Kenny Beamish"
1969/70,21,"Stan Storton, Derek Smith"
1969/70,22,"Kenny Beamish, George Yardley 2"
1969/70,23,"Kenny Beamish, Derek Smith"
1969/70,24,Derek Smith
1969/70,26,"Kenny Beamish, George Scott"
1969/70,27,"Eric Brodie, George Scott, Derek Smith"
1969/70,28,Derek Smith
1969/70,29,"Derek Smith, Kenny Beamish"
1969/70,31,"Kenny Beamish, John MacNamee"
1969/70,35,Derek Smith
1969/70,38,George Yardley
1969/70,39,Alan King
1969/70,41,Kenny Beamish
1969/70,43,Alan King
1969/70,44,"Joe Pritchard, Kenny Beamish, George Yardley"
1969/70,46,Alan King
1969/70,47,George Yardley
1969/70,48,George Yardley
1969/70,49,"Alan King, Jimmy Hinch, Frank Gill"
1969/70,50,Tony Knapp
1969/70,51,George Yardley
1969/70,52,"Kenny Beamish, Jimmy Hinch, Frank Gill 3"
1969/70,54,Kenny Beamish
1969/70,55,George Yardley
1970/71,1,Kenny Beamish
1970/71,2,"George Yardley, Jimmy Hinch"
1970/71,4,"Kenny Beamish 3, Alan King"
1970/71,5,"George Yardley, OG"
1970/71,6,George Yardley
1970/71,7,"Jimmy Hinch, Frank Gill"
1970/71,8,George Yardley
1970/71,11,Jimmy Hinch
1970/71,12,Jimmy Hinch
1970/71,14,Frank Gill
1970/71,15,Jimmy Hinch
1970/71,16,Malcolm Moore
1970/71,17,"Eric Brodie, Malcolm Moore, Jimmy Hinch"
1970/71,19,"Brian Joy, Kenny Beamish, Malcolm Moore, Jimmy Hinch"
1970/71,20,Malcolm Moore 2
1970/71,23,Frank Gill
1970/71,27,"Kenny Beamish 3, Jimmy Hinch 2"
1970/71,28,Kenny Beamish
1970/71,30,"Paul Crossley, Kenny Beamish, Malcolm Moore"
1970/71,32,Jimmy Hinch
1970/71,34,"Malcolm Moore, Eric Brodie"
1970/71,37,"John Dempsey, Malcolm Moore, Frank Gill"
1970/71,38,Malcolm Moore 2
1970/71,39,Kenny Beamish
1970/71,41,Paul Crossley
1970/71,42,"Paul Crossley 2, Trevor Storton"
1970/71,43,Kenny Beamish
1970/71,46,OG
1970/71,48,Kenny Beamish
1970/71,53,Eric Brodie
1971/72,1,"Kenny Beamish, Trevor Storton"
1971/72,2,Eric Brodie
1971/72,3,Ray Mathias
1971/72,4,"Malcolm Moore, Kenny Beamish 2"
1971/72,7,Kenny Beamish
1971/72,10,Trevor Storton 2
1971/72,12,"John Coyne, Paul Crossley"
1971/72,13,"John Coyne, Kenny Beamish"
1971/72,14,"Kenny Beamish, John Coyne"
1971/72,17,"Alex Russell, Kenny Beamish"
1971/72,18,Kenny Beamish
1971/72,19,"Alex Russell, Alan King"
1971/72,20,Alex Russell
1971/72,21,"Alan King, Malcolm Moore, Paul Crossley 2"
1971/72,22,Malcolm Moore
1971/72,23,Kenny Beamish
1971/72,24,"Trevor Storton, Paul Crossley"
1971/72,25,"Eric Brodie, Kenny Beamish, Malcolm Moore, Paul Crossley"
1971/72,26,"Alex Russell, Kenny Beamish"
1971/72,28,"Kenny Beamish, Trevor Storton, Paul Crossley"
1971/72,29,Paul Crossley
1971/72,31,"Kenny Beamish, Malcolm Moore, Trevor Storton, Paul Crossley"
1971/72,32,Kenny Beamish
1971/72,34,"Ron Yeats, Kenny Beamish"
1971/72,36,Malcolm Moore
1971/72,37,"Kenny Beamish, Malcolm Moore 2, Paul Crossley"
1971/72,39,"Kenny Beamish, OG"
1971/72,41,"Malcolm Moore, John Manning"
1971/72,44,"Trevor Storton 2, Aiden Maher"
1971/72,45,"Alan King, Trevor Storton"
1971/72,47,Kit Fagan
1971/72,48,OG
1971/72,49,Malcolm Moore
1971/72,50,"Ron Yeats, Alex Russell, Kit Fagan"
1971/72,54,"Ron Yeats, Alan King"
1971/72,56,Malcolm Moore
1972/73,3,"Eddie Loyden, Tommy Young"
1972/73,6,"Paul Crossley, Eddie Loyden 2"
1972/73,7,Paul Crossley
1972/73,8,Alex Russell
1972/73,9,Paul Crossley
1972/73,11,"Eddie Flood, Eddie Loyden 3"
1972/73,12,Alex Russell
1972/73,13,Paul Crossley
1972/73,15,Alan Duffy
1972/73,17,Eddie Loyden
1972/73,18,"Malcolm Moore, Ian St John, Eddie Loyden 2"
1972/73,19,Malcolm Moore
1972/73,20,OG
1972/73,21,"Eddie Flood, Malcolm Moore"
1972/73,22,Paul Crossley
1972/73,23,Eddie Loyden
1972/73,24,Tommy Young
1972/73,25,"Tommy Young, Paul Crossley"
1972/73,27,Eddie Loyden
1972/73,28,"Eddie Loyden, Tommy Young 2, Paul Crossley 2"
1972/73,29,"Malcolm Moore, Alan Duffy, Paul Crossley"
1972/73,32,"Bobby Graham 2, Frank D'Arcy, Eddie Loyden, Tommy Young, OG"
1972/73,34,Eddie Loyden
1972/73,35,Eddie Loyden
1972/73,36,"Eddie Loyden, Tommy Young"
1972/73,38,Ron Yeats
1972/73,39,Eddie Loyden
1972/73,40,"Tommy Veitch, Bobby Graham"
1972/73,41,Malcolm Moore
1972/73,43,Tommy Young 2
1972/73,44,"Tommy Young, Paul Crossley"
1972/73,46,Eddie Loyden
1972/73,49,Eddie Loyden
1973/74,2,"Bobby Tynan 2, Paul Crossley"
1973/74,3,"Mark Palios, Hughie McAuley"
1973/74,4,Eddie Loyden
1973/74,5,Eddie Loyden
1973/74,6,Mark Palios
1973/74,8,"Eddie Loyden, Tommy Young"
1973/74,9,Tommy Young
1973/74,11,Eddie Loyden
1973/74,14,Tommy Young
1973/74,15,Mark Palios
1973/74,16,"Ronnie Moore, Russell Allen 2"
1973/74,18,Eddie Loyden
1973/74,19,"Ray Mathias, Paul Crossley, Tommy Young"
1973/74,21,Russell Allen
1973/74,22,"Bobby Tynan, Tommy Young"
1973/74,23,"Ronnie Moore, Bobby Tynan"
1973/74,24,Tommy Young
1973/74,25,"Ronnie Moore, Paul Crossley, Bobby Tynan, Tommy Young"
1973/74,27,Russell Allen
1973/74,29,Paul Crossley
1973/74,34,"Steve Peplow, Eddie Loyden"
1973/74,36,Tommy Young
1973/74,38,"Bobby Tynan, Paul Crossley"
1973/74,42,Paul Crossley
1973/74,44,Barrie Mitchell
1973/74,45,"Ron Yeats, Barrie Mitchell, Paul Crossley"
1973/74,46,"Mark Palios, OG"
1973/74,47,Ron Yeats
1973/74,49,"Russell Allen, Barrie Mitchell, Mark Palios"
1973/74,51,"Tommy Veitch, Bobby Tynan, Paul Crossley"
1973/74,52,"Mark Palios 2, Barrie Mitchell, Paul Crossley 2"
1973/74,53,"Steve Peplow, Bobby Tynan"
1974/75,2,"Paul Crossley, Tommy Young"
1974/75,3,Paul Crossley
1974/75,4,"Steve Coppell, Russell Allen"
1974/75,6,Russell Allen
1974/75,8,OG
1974/75,12,Tommy Young
1974/75,13,"Tommy Veitch, Steve Coppell, Steve Peplow"
1974/75,14,"Steve Coppell, Bobby Tynan, Steve Peplow"
1974/75,16,Tommy Young
1974/75,17,"Steve Coppell, Tommy Young, Russell Allen"
1974/75,19,Steve Peplow
1974/75,20,"Steve Coppell, Bobby Tynan"
1974/75,21,"Eddie Flood, Steve Coppell, Paul Crossley"
1974/75,22,"Steve Coppell, Bobby Tynan"
1974/75,23,"Eddie Flood, Steve Coppell, Bobby Tynan, Tommy Veitch, Paul Crossley 2"
1974/75,24,Bobby Tynan
1974/75,25,OG
1974/75,26,Paul Crossley
1974/75,29,"Bobby Tynan, Tommy Veitch"
1974/75,31,"Steve Coppell, Paul Crossley"
1974/75,33,"Mark Palios, Steve Coppell, Tommy Young"
1974/75,34,"Steve Coppell, Russell Allen, OG"
1974/75,35,Russell Allen
1974/75,36,Paul Crossley
1974/75,39,Mark Palios
1974/75,40,Paul Crossley
1974/75,42,Paul Crossley
1974/75,43,"Ray Mathias, Barrie Mitchell 2"
1974/75,44,Russell Allen
1974/75,47,Ronnie Moore
1974/75,50,Paul Crossley 2
1974/75,52,"Russell Allen, Bobby Tynan"
1974/75,53,"Ronnie Moore, Russell Allen"
1975/76,1,Ronnie Moore
1975/76,2,Ronnie Moore
1975/76,3,"Ray Mathias, OG"
1975/76,4,Ronnie Moore 2
1975/76,5,"Ronnie Moore, Russell Allen"
1975/76,6,Russell Allen
1975/76,7,"Ronnie Moore, Bobby Tynan"
1975/76,9,Bobby Tynan
1975/76,10,"Steve Peplow, Bobby Tynan"
1975/76,11,"Steve Peplow, Ronnie Moore"
1975/76,12,"Tommy Young, Barrie Mitchell 2, Ronnie Moore 2, John James 2"
1975/76,13,"Ronnie Moore, John James"
1975/76,14,"John James, Billy Kenny"
1975/76,15,John James
1975/76,16,"Tommy Young, Steve Peplow 3, Ronnie Moore, John James"
1975/76,17,John James
1975/76,18,"Steve Peplow, John James"
1975/76,19,"Ronnie Moore 4, John James"
1975/76,22,"Steve Peplow, Ronnie Moore 2"
1975/76,23,"Steve Peplow, John James 2"
1975/76,25,"Steve Peplow, Barrie Mitchell"
1975/76,27,"Steve Peplow, Ronnie Moore 4"
1975/76,28,"Mark Palios, Ronnie Moore 4"
1975/76,29,Ronnie Moore
1975/76,32,"Ronnie Moore, John James"
1975/76,33,John James
1975/76,34,"Barrie Mitchell, John James"
1975/76,35,"Ray Mathias, Dave Philpotts"
1975/76,36,Mark Palios
1975/76,38,Ronnie Moore
1975/76,39,John James
1975/76,40,"Ronnie Moore, John James"
1975/76,41,"Ronnie Moore, John James"
1975/76,42,"Dave Philpotts, Mark Palios, Ronnie Moore"
1975/76,44,"Mark Palios, Bobby Tynan, Russell Allen"
1975/76,45,Bobby Tynan
1975/76,47,"Steve Peplow, Ronnie Moore, John James"
1975/76,48,Ronnie Moore 3
1975/76,49,"Dave Philpotts, Ronnie Moore"
1975/76,50,"Dave Philpotts, Ronnie Moore, John James"
1976/77,1,John James
1976/77,2,"Ronnie Moore, John James 2"
1976/77,4,Ronnie Moore
1976/77,6,Bobby Tynan
1976/77,8,"Billy Kenny, Russell Allen"
1976/77,9,Bobby Tynan
1976/77,10,Russell Allen
1976/77,11,Steve Peplow
1976/77,13,"Bobby Tynan, Russell Allen"
1976/77,14,"Billy Kenny, Ronnie Moore"
1976/77,15,Billy Kenny
1976/77,16,Russell Allen
1976/77,19,Tommy Young 2
1976/77,21,"Tommy Young, Russell Allen"
1976/77,22,Russell Allen
1976/77,23,"Tommy Young, OG"
1976/77,24,"Mark Palios, Russell Allen"
1976/77,26,"Mark Palios, Eddie Cliff, Ronnie Moore, Russell Allen"
1976/77,28,Russell Allen
1976/77,29,"Steve Peplow 2, Ronnie Moore, Russell Allen"
1976/77,33,Billy Kenny
1976/77,35,John James
1976/77,37,"Mark Palios, Ronnie Moore, John James, Russell Allen"
1976/77,39,Ronnie Moore
1976/77,41,"Ronnie Moore, Russell Allen"
1976/77,43,"Les Parry, John James"
1976/77,44,Russell Allen
1976/77,45,"Eddie Cliff, Ronnie Moore, Russell Allen"
1976/77,46,"Eddie Flood, Russell Allen"
1976/77,48,"Ronnie Moore, John James"
1976/77,49,Russell Allen
1977/78,2,"Bobby Tynan, Russell Allen"
1977/78,3,"Mark Palios, Russell Allen 2"
1977/78,4,Russell Allen
1977/78,5,Ronnie Moore
1977/78,7,"Clive Evans, Steve Peplow, Ronnie Moore"
1977/78,9,Russell Allen
1977/78,11,"Mark Palios 3, Ronnie Moore, Russell Allen"
1977/78,12,"Steve Peplow, Ronnie Moore"
1977/78,14,Ronnie Moore
1977/78,15,"Dave Philpotts, Bobby Tynan"
1977/78,16,Ronnie Moore
1977/78,18,"Eddie Flood, Mark Palios, Ronnie Moore, Russell Allen, John James"
1977/78,19,"Mark Palios, Russell Allen"
1977/78,20,Ronnie Moore
1977/78,21,Russell Allen
1977/78,22,John James
1977/78,24,Mark Palios
1977/78,25,"Steve Peplow 2, Ronnie Moore 2"
1977/78,26,Bobby Tynan 3
1977/78,27,Ronnie Moore
1977/78,28,"Steve Peplow, Russell Allen"
1977/78,30,Ronnie Moore
1977/78,31,"Ronnie Moore, Bobby Tynan"
1977/78,33,"Mark Palios, Ronnie Moore"
1977/78,37,Bobby Tynan
1977/78,38,Russell Allen
1977/78,41,"Clive Evans, Steve Peplow, Ronnie Moore"
1977/78,43,Russell Allen
1977/78,45,Bobby Tynan
1977/78,46,Steve Peplow
1977/78,47,"Ronnie Moore, Russell Allen"
1977/78,49,"Eddie Cliff, Russell Allen"
1977/78,50,Ronnie Moore
1978/79,1,Hughie McAuley
1978/79,2,Tommy O'Neil
1978/79,3,Steve Peplow
1978/79,4,Steve Peplow
1978/79,5,Eddie Cliff
1978/79,7,Steve Peplow
1978/79,8,"Clive Evans, Ronnie Moore 2"
1978/79,10,"Ronnie Moore, Clive Evans"
1978/79,13,"Tommy O'Neil, John Bramhall, Ronnie Moore 3, Steve Peplow"
1978/79,14,"Clive Evans, John Bramhall"
1978/79,16,Ronnie Moore
1978/79,18,Tommy O'Neil
1978/79,20,Steve Peplow
1978/79,21,"Ronnie Moore, Hughie McAuley"
1978/79,23,Ronnie Moore
1978/79,25,"Steve Craven, Steve Peplow"
1978/79,27,"Clive Evans, Steve Peplow"
1978/79,28,"Les Parry, Ronnie Moore"
1978/79,29,Clive Evans
1978/79,30,John Kerr
1978/79,31,John Kerr
1978/79,32,Dennis Postlewhite
1978/79,36,"Clive Evans, OG"
1978/79,37,"John Kerr, Mark Palios"
1978/79,38,John Kerr
1978/79,40,Clive Evans
1978/79,41,Clive Evans
1978/79,44,Steve Craven
1978/79,45,Clive Evans
1978/79,46,"Clive Evans, John Kerr"
1978/79,47,John Thomas
1978/79,49,John Kerr
1978/79,50,John Thomas
1978/79,51,Steve Peplow
1979/80,1,"Steve Peplow, Jim Lumby"
1979/80,2,Steve Peplow
1979/80,3,"Steve Craven, John Kerr"
1979/80,4,"Elfyn Edwards, Jim Lumby"
1979/80,9,"Steve Craven, Jim Lumby"
1979/80,10,"Tommy O'Neil, Steve Craven, John Kerr, Steve Peplow"
1979/80,11,John Kerr
1979/80,14,John Kerr
1979/80,15,Steve Craven
1979/80,16,"Tommy O'Neil 2, Steve Peplow"
1979/80,18,Clive Evans
1979/80,19,Tommy O'Neil
1979/80,20,Tommy O'Neil
1979/80,22,Kenny Beamish
1979/80,23,Kenny Beamish
1979/80,24,"Clive Evans 2, Tommy O'Neil 2, Jim Lumby 3, Kenny Beamish, OG"
1979/80,25,"Clive Evans, Jim Lumby"
1979/80,26,Kenny Beamish
1979/80,27,"Clive Evans, Steve Peplow"
1979/80,28,Kenny Beamish
1979/80,29,OG
1979/80,31,"Kenny Beamish 3, Steve Peplow"
1979/80,32,Steve Peplow
1979/80,33,"Steve Craven, Kenny Beamish"
1979/80,34,"Clive Evans 2, John Kelly 2, Kenny Beamish"
1979/80,35,Steve Peplow
1979/80,36,John Bramhall
1979/80,37,Tommy O'Neil
1979/80,39,Tommy O'Neil
1979/80,41,"John Kelly, Kenny Beamish"
1979/80,42,Clive Evans
1979/80,43,John Kerr
1979/80,47,"Eddie Flood, John Kelly"
1979/80,49,Tommy O'Neil
1979/80,50,John Kerr
1979/80,51,Steve Peplow
1980/81,1,"Elfyn Edwards, John Kelly, Steve Craven"
1980/81,3,Jim Lumby
1980/81,6,Clive Evans
1980/81,7,"Clive Evans, Jim Lumby 2"
1980/81,8,"John Bramhall, John Kerr"
1980/81,9,Jim Lumby
1980/81,11,Kenny Beamish
1980/81,12,Jim Lumby
1980/81,13,"Jim Lumby 2, Kenny Beamish"
1980/81,14,"Steve Peplow, Jim Lumby 3, Kenny Beamish"
1980/81,15,"Clive Evans, Jim Lumby, Kenny Beamish"
1980/81,16,Jim Lumby
1980/81,17,Steve Peplow
1980/81,18,"Steve Peplow, Steve Mungall, John Kerr"
1980/81,19,"Steve Mungall, Jim Lumby"
1980/81,20,Jim Lumby
1980/81,22,"Clive Evans, Jim Lumby 2"
1980/81,23,Jim Lumby
1980/81,27,"Kenny Beamish, Steve Craven"
1980/81,28,Steve Craven
1980/81,29,"Jim Lumby, John Kerr"
1980/81,32,John Kerr
1980/81,34,John Kelly
1980/81,35,"Les Parry, John Kelly, Kenny Beamish"
1980/81,36,John Kerr
1980/81,37,"Clive Evans, John Kelly"
1980/81,39,Neville Powell
1980/81,41,Clive Evans
1980/81,42,OG
1980/81,43,John Bramhall
1980/81,44,"Kenny Beamish, John Kerr"
1980/81,45,Clive Evans
1980/81,46,"Steve Mungall, John Kelly"
1980/81,47,"Les Parry, Clive Evans"
1980/81,48,"Clive Evans 2, John Williams"
1980/81,49,Steve Craven
1980/81,51,John Williams
1980/81,52,"Steve Peplow, John Kelly"
1981/82,2,"John Kerr, Owen Brown 2, OG"
1981/82,5,"John Kelly, John Kerr, Owen Brown"
1981/82,6,Steve Mungall
1981/82,7,"John Bramhall, Owen Brown"
1981/82,9,John Williams
1981/82,10,"Derek Mountfield, John Williams"
1981/82,11,Owen Brown 2
1981/82,12,Bryan Hamilton
1981/82,13,Owen Brown 2
1981/82,14,Owen Brown
1981/82,15,"Brian Morley, Owen Brown"
1981/82,16,"Bobby Hutchinson, John Kerr"
1981/82,20,Bobby Hutchinson
1981/82,21,Owen Brown
1981/82,22,Owen Brown
1981/82,23,John Williams
1981/82,24,Owen Brown
1981/82,26,"Bryan Hamilton, Bobby Hutchinson"
1981/82,28,"Bobby Hutchinson, Steve Craven"
1981/82,29,"John Kerr 2, Steve Craven"
1981/82,30,"John Williams, Bobby Hutchinson, John Kerr"
1981/82,33,John Kerr
1981/82,34,John Bramhall
1981/82,35,"John Kerr, Steve Craven"
1981/82,36,John Bramhall
1981/82,37,John Kerr
1981/82,39,"John Kerr, Steve Craven"
1981/82,40,John Kerr
1981/82,43,John Kerr 2
1981/82,44,John Williams
1981/82,45,John Kerr 2
1981/82,46,Ian Griffiths
1981/82,47,"David Burgess, John Kerr, Steve Craven"
1981/82,48,Steve Craven
1981/82,50,John Williams
1981/82,51,"Steve Craven, Mark Ferguson"
1981/82,52,"Bobby Hutchinson, Owen Brown"
1981/82,53,Brian Morley
1981/82,54,Steve Craven 2
1982/83,2,Bobby Hutchinson
1982/83,3,"Bryan Hamilton, John Kerr"
1982/83,4,"Bryan Hamilton, Neville Powell, Bobby Hutchinson"
1982/83,5,Bryan Hamilton
1982/83,7,Ian Griffiths
1982/83,11,Owen Brown
1982/83,13,Bryan Hamilton
1982/83,14,"Bobby Hutchinson, Owen Brown"
1982/83,15,Owen Brown
1982/83,16,John Aspinall
1982/83,18,"John Kerr, Owen Brown"
1982/83,20,"Steve Mungall, John Kerr"
1982/83,21,"John Kerr, Owen Brown 3"
1982/83,22,"Mark Ferguson, John Aspinall"
1982/83,23,OG
1982/83,24,Owen Brown
1982/83,25,"John Aspinall, Ian Griffiths"
1982/83,26,Mark Ferguson 2
1982/83,27,"Ian Griffiths, Neville Powell"
1982/83,28,Owen Brown 2
1982/83,29,John Aspinall
1982/83,30,"Mark Ferguson, John Kerr"
1982/83,33,"Mark Ferguson, Owen Brown"
1982/83,34,Ian Griffiths
1982/83,35,"Gavin Oliver, John Aspinall, John Kerr"
1982/83,36,John Kerr
1982/83,38,"Barry Wellings, Owen Brown"
1982/83,40,"John Aspinall, Barry Wellings"
1982/83,42,Mark Ferguson
1982/83,44,"Mark Ferguson, Owen Brown"
1982/83,45,"John Aspinall, Owen Brown, Ian Griffiths"
1982/83,46,Owen Brown
1982/83,49,John Kerr
1982/83,50,John Kerr
1982/83,52,Owen Brown
1982/83,53,Barry Wellings
1983/84,1,John Aspinall
1983/84,3,Mark Palios
1983/84,5,"John Aspinall, Mark Hilditch"
1983/84,9,"Mark Ferguson, Gary Williams"
1983/84,10,John Aspinall
1983/84,11,Owen Brown
1983/84,12,"Gary Williams, OG"
1983/84,13,"Mark Ferguson, OG"
1983/84,15,Mark Hilditch
1983/84,17,"Dave Philpotts, Gary Williams"
1983/84,18,"Mark Ferguson, John Aspinall"
1983/84,19,"John Aspinall, Neville Powell"
1983/84,20,Mark Allen
1983/84,21,"Ray Mathias, John Aspinall"
1983/84,22,"Mark Palios, John Williams, Mark Ferguson"
1983/84,23,Mark Hilditch
1983/84,24,"John Aspinall 2, OG"
1983/84,25,Dave Philpotts
1983/84,26,John Aspinall 2
1983/84,28,"John Aspinall, Mark Hilditch 2"
1983/84,29,Dave Philpotts
1983/84,32,Dave Philpotts
1983/84,34,John Aspinall
1983/84,35,"Mark Hilditch, Bobby Hutchinson"
1983/84,37,OG
1983/84,38,"Mark Palios, John Aspinall, Bobby Hutchinson"
1983/84,39,"Neville Powell, John Aspinall, Mark Hilditch"
1983/84,40,"Mark Hilditch 3, Ronnie Goodlass"
1983/84,41,"Mark Hilditch, Bobby Hutchinson 2"
1983/84,43,Bobby Hutchinson
1983/84,44,John Aspinall
1983/84,45,Mark Palios
1983/84,47,"Dave Philpotts, Mark Hilditch"
1983/84,48,Mark Hilditch
1983/84,51,"Dave Philpotts, Ray Woods"
1983/84,53,Ray Woods
1983/84,54,Bobby Hutchinson
1983/84,55,Dave Philpotts
1984/85,2,"Colin Clarke, John Clayton"
1984/85,3,"John Aspinall 2, Colin Clarke"
1984/85,4,"John Clayton, Doug Anderson"
1984/85,5,John Clayton 2
1984/85,7,John Clayton
1984/85,8,Gary Williams
1984/85,9,"Colin Clarke 2, John Clayton"
1984/85,10,"John Williams, Colin Clarke, John Clayton 2"
1984/85,11,John Clayton
1984/85,13,Colin Clarke
1984/85,14,"John Clayton 2, Doug Anderson"
1984/85,15,"Steve Edwards, Colin Clarke, John Clayton"
1984/85,17,"Colin Clarke, John Clayton 2"
1984/85,18,"Colin Clarke, John Clayton"
1984/85,19,Tan McMullen
1984/85,20,"Steve Edwards, Colin Clarke 3, John Clayton 2, Doug Anderson"
1984/85,21,John Clayton
1984/85,22,"Gary Williams, John Williams, Colin Clarke"
1984/85,24,"Steve Edwards 2, Colin Clarke 2"
1984/85,25,"Billy Rodaway, John Clayton 2"
1984/85,26,Robert Kelly
1984/85,28,"Robert Kelly, John Clayton"
1984/85,29,"Gary Williams, Colin Clarke 2, John Clayton"
1984/85,30,John Aspinall
1984/85,31,John Clayton
1984/85,32,"Gary Williams, Colin Clarke, John Clayton, Mark Palios"
1984/85,33,Colin Clarke
1984/85,34,Mark Palios
1984/85,36,"Steve Edwards, Mark Hilditch, John Clayton"
1984/85,37,Mark Ferguson
1984/85,38,"John Aspinall, John Clayton"
1984/85,40,"John Williams, Mark Palios, Colin Clarke"
1984/85,41,"Colin Clarke, Doug Anderson"
1984/85,42,"Colin Clarke 2, John Clayton 2"
1984/85,43,Colin Clarke
1984/85,44,"Gary Williams, Colin Clarke, John Clayton 2"
1984/85,45,"Gary Williams, John Clayton, Doug Anderson"
1984/85,46,"John Clayton, John Aspinall"
1984/85,47,Colin Clarke
1984/85,49,Gary Williams
1984/85,51,"John Aspinall, Colin Clarke"
1984/85,52,John Clayton 3
1984/85,53,"Mark Palios, John Aspinall"
1984/85,54,"Colin Clarke 2, John Clayton"
1984/85,55,John Williams
1985/86,1,Frank Worthington
1985/86,2,"Frank Worthington 3, John Clayton 3"
1985/86,3,"John Clayton, Doug Anderson"
1985/86,4,Frank Worthington
1985/86,5,"Frank Worthington, Doug Anderson"
1985/86,7,OG
1985/86,8,"Nick Sinclair, Ian Muir, Frank Worthington"
1985/86,9,Frank Worthington
1985/86,10,"Frank Worthington 2, Ian Muir"
1985/86,12,"Johnny Morrissey, Frank Worthington"
1985/86,13,Johnny Morrissey
1985/86,14,"Ian Muir, Doug Anderson"
1985/86,15,Billy Rodaway
1985/86,16,"Billy Rodaway, Ian Muir"
1985/86,17,"Johnny Morrissey, Frank Worthington 2, Ian Muir 4"
1985/86,18,Dave Miller
1985/86,19,"Billy Rodaway, Frank Worthington"
1985/86,20,"Ian Muir, Doug Anderson"
1985/86,21,"Billy Rodaway, Frank Worthington"
1985/86,22,Ian Muir
1985/86,24,"Gary Williams, Billy Ashcroft"
1985/86,25,Johnny Morrissey
1985/86,26,Doug Anderson
1985/86,27,"Gary Williams, Johnny Morrissey, Doug Anderson, Billy Ashcroft"
1985/86,28,"Frank Worthington, Liam Robinson"
1985/86,29,"Gary Williams, Doug Anderson"
1985/86,30,"Steve Edwards, Liam Robinson 2"
1985/86,33,"Johnny Morrissey, Doug Anderson"
1985/86,34,"Steve Mungall, Mark Hilditch"
1985/86,35,Doug Anderson 2
1985/86,37,Ian Muir
1985/86,38,"Dave Miller, Gary Williams"
1985/86,40,Doug Anderson
1985/86,41,Ian Muir
1985/86,42,Mark Hughes
1985/86,44,Ian Muir
1985/86,45,Billy Rodaway
1985/86,46,"Frank Worthington, Ian Muir"
1985/86,48,Ian Muir
1985/86,49,Mark Hilditch
1985/86,50,Frank Worthington 2
1985/86,51,Frank Worthington
1985/86,52,"Johnny Morrissey, Steve Edwards, Doug Anderson 2"
1985/86,53,Gary Williams
1985/86,55,Mark Hilditch
1986/87,1,Ian Muir
1986/87,2,Frank Worthington
1986/87,3,"Frank Worthington, Ian Muir"
1986/87,4,"Steve Mungall, Steve Vickers 2"
1986/87,5,"Mark Hughes, Ian Muir, Doug Anderson"
1986/87,6,Johnny Morrissey 2
1986/87,8,Johnny Morrissey
1986/87,9,"Gary Williams, Johnny Morrissey"
1986/87,10,Ian Muir 2
1986/87,11,Ian Muir 2
1986/87,12,Steve Vickers
1986/87,14,Ronnie Moore
1986/87,15,Ian Muir
1986/87,16,Ian Muir
1986/87,17,Johnny Morrissey
1986/87,18,Adrian Thorpe
1986/87,19,Ian Muir 3
1986/87,20,"Ian Muir, Adrian Thorpe 2"
1986/87,21,Steve Vickers
1986/87,22,"Graham Bell, Ian Muir"
1986/87,25,Ronnie Moore
1986/87,27,"Ronnie Moore 2, Ian Muir"
1986/87,28,Ian Muir 2
1986/87,29,Frank Worthington
1986/87,30,Frank Worthington
1986/87,32,Ian Muir 2
1986/87,33,Ian Muir
1986/87,34,Johnny Morrissey
1986/87,35,Ian Muir
1986/87,36,"Steve Vickers, Ian Muir"
1986/87,37,"Graham Bell, Ian Muir"
1986/87,38,"Johnny Morrissey, Doug Anderson"
1986/87,40,"Ronnie Moore, Graham Bell, Ian Muir"
1986/87,42,"Graham Bell, Ineil Horwood"
1986/87,45,Gary Williams
1986/87,47,Ronnie Moore
1986/87,48,Steve Bullock
1986/87,50,Chris Camden
1986/87,51,Ian Muir
1986/87,52,Gary Williams
1987/88,2,Steve Mungall
1987/88,4,Andy Thorpe
1987/88,5,"Kenny McKenna, Ian Muir"
1987/88,6,"Mark McCarrick, OG"
1987/88,10,Kenny McKenna
1987/88,13,"Steve Vickers, Johnny Morrissey, Jimmy Harvey, Ian Muir 3"
1987/88,16,John Aspinall
1987/88,17,"Johnny Morrissey, Ian Muir"
1987/88,18,Ronnie Moore
1987/88,21,Dave Martindale
1987/88,22,"Dave Martindale, Ian Muir"
1987/88,23,Ian Muir
1987/88,24,"Dave Martindale, OG"
1987/88,25,"Jim Steel, Ian Muir 2, Eddie Murray"
1987/88,26,Kenny McKenna
1987/88,27,"Jimmy Harvey, Jim Steel"
1987/88,30,"Dave Martindale, Johnny Morrissey, Ian Muir"
1987/88,31,"Mark McCarrick, Jim Steel, Ian Muir 2"
1987/88,32,Dave Martindale
1987/88,33,Ian Muir
1987/88,34,"Johnny Morrissey, Ian Muir"
1987/88,35,Ian Muir
1987/88,36,Ian Muir
1987/88,37,Ian Muir
1987/88,38,Ian Muir
1987/88,39,"Jimmy Harvey, OG"
1987/88,41,"Mark McCarrick, Jim Steel, Ian Muir"
1987/88,43,Ian Muir
1987/88,44,"Mark McCarrick, Jim Steel, Ian Muir"
1987/88,46,"Jim Steel, Ian Muir 2"
1987/88,47,"Mark McCarrick, Ian Muir"
1987/88,48,Ian Muir
1987/88,49,Ian Muir 2
1987/88,50,"Eddie Bishop, Ian Muir 2"
1987/88,51,"Dave Higgins, Jim Steel"
1988/89,2,Ian Muir
1988/89,4,Ian Muir
1988/89,5,Jim Steel
1988/89,6,Ian Muir
1988/89,7,Eddie Bishop
1988/89,8,"Dave Higgins, Ian Muir 2"
1988/89,10,"Jim Steel, Ian Muir"
1988/89,13,Mark Hughes
1988/89,15,"Eddie Bishop, Jimmy Harvey 2"
1988/89,16,Ian Muir
1988/89,17,"Jim Steel, Ian Muir"
1988/89,18,Eddie Bishop
1988/89,19,"Eddie Bishop, Johnny Morrissey"
1988/89,20,Ian Muir
1988/89,21,Eddie Bishop
1988/89,22,OG
1988/89,23,Ian Muir 3
1988/89,24,Ian Muir
1988/89,26,"Mark McCarrick, Johnny Morrissey"
1988/89,27,"Jim Steel, Steve Mungall"
1988/89,28,"Jim Steel, Ian Muir"
1988/89,29,Ian Muir
1988/89,30,Ian Muir 2
1988/89,32,OG
1988/89,33,"Dave Martindale, Jim Steel"
1988/89,34,Steve Vickers
1988/89,35,Ian Muir
1988/89,36,"Mark McCarrick, Steve Vickers, Jimmy Harvey"
1988/89,38,Eddie Bishop
1988/89,39,Johnny Morrissey
1988/89,40,Chris Malkin
1988/89,41,"Eddie Bishop, Steve Vickers"
1988/89,42,Ian Muir
1988/89,44,Ian Muir
1988/89,45,"Jim Steel, Ian Muir"
1988/89,46,Chris Malkin
1988/89,47,"Chris Malkin 2, OG"
1988/89,49,Ian Muir 2
1988/89,50,Eddie Bishop 2
1988/89,51,"Jimmy Harvey, Jim Steel, Steve Mungall"
1988/89,52,"Tony Thomas, Steve Vickers"
1988/89,53,Tony Thomas
1988/89,54,"Johnny Morrissey, Ian Muir"
1988/89,55,"Jim Steel, Ian Muir"
1988/89,56,Ian Muir
1988/89,57,Ian Muir
1988/89,59,"Mark McCarrick, Mark Hughes, Ian Muir"
1988/89,60,Ian Muir
1989/90,1,"Eddie Bishop, Chris Malkin"
1989/90,2,"Eddie Bishop, Chris Malkin 2, Ian Muir"
1989/90,3,"Mark McCarrick, Johnny Morrissey, Jimmy Harvey"
1989/90,4,"Chris Malkin, Ian Muir 2"
1989/90,6,"Chris Malkin, David Fairclough"
1989/90,7,Ian Muir
1989/90,8,Ian Muir
1989/90,9,"Dave Higgins, Johnny Morrissey, Chris Malkin, Ian Muir"
1989/90,10,"Mark Hughes, Ian Muir 2"
1989/90,11,"Johnny Morrissey, Chris Malkin 2, Ian Muir, Eddie Bishop 2"
1989/90,12,Chris Malkin
1989/90,13,"Chris Malkin, Ian Muir 2"
1989/90,15,Ian Muir
1989/90,17,"Mark McCarrick, Eddie Bishop, Jim Steel"
1989/90,18,Ian Muir
1989/90,19,Mark Hughes
1989/90,20,"Jimmy Harvey 2, Jim Steel, Ian Muir"
1989/90,21,Ian Muir
1989/90,22,"Mark McCarrick, Eddie Bishop"
1989/90,24,"Steve Vickers, Jim Steel"
1989/90,25,"Dave Martindale, Steve Vickers, OG"
1989/90,27,"Dave Martindale, Chris Malkin"
1989/90,28,Ian Muir
1989/90,30,"Jimmy Harvey, Jim Steel"
1989/90,32,Ian Muir
1989/90,33,"Mark McCarrick, Chris Malkin"
1989/90,35,Johnny Morrissey 2
1989/90,38,"Neil McNab, Johnny Morrissey, Ian Muir"
1989/90,39,"Neil McNab, Mark Hughes, Jim Steel, Ian Muir, Chris Malkin"
1989/90,40,"Jimmy Harvey, Jim Steel, Ian Muir"
1989/90,41,"Chris Malkin, Ian Muir"
1989/90,42,"Jim Steel, Ian Muir"
1989/90,43,"Mark McCarrick, Steve Vickers, Chris Malkin 2"
1989/90,44,"Eddie Bishop 2, Mark Hughes, Ian Muir"
1989/90,45,"Mark McCarrick, Eddie Bishop, Ian Muir"
1989/90,46,"Ian Muir, Tony Thomas"
1989/90,47,"Chris Malkin, Ian Muir"
1989/90,48,Chris Malkin
1989/90,49,Chris Malkin 2
1989/90,51,"Chris Malkin, Jimmy Harvey, Tony Thomas"
1989/90,52,Ian Muir
1989/90,53,"Jim Steel, Ian Muir"
1989/90,54,"Steve Vickers, Jimmy Harvey, OG"
1989/90,55,Ian Muir
1989/90,56,"Steve Mungall, Ian Muir"
1989/90,57,"Chris Malkin, Ian Muir"
1989/90,58,Ian Muir
1989/90,59,Chris Malkin
1989/90,61,"Steve Mungall, Ian Muir"
1989/90,63,"Chris Malkin, Ian Muir"
1989/90,64,"Jim Steel, Ian Muir"
1990/91,1,Ian Muir 2
1990/91,2,Steve Vickers
1990/91,3,Ian Muir
1990/91,4,Jim Steel
1990/91,5,"Johnny Morrissey 2, Jim Steel, Ian Muir"
1990/91,6,Jimmy Harvey
1990/91,7,"Mark Hughes, Ian Muir 2"
1990/91,8,"Neil McNab 2, Ian Muir"
1990/91,9,Johnny Morrissey
1990/91,10,Neil McNab
1990/91,11,Mark Hughes
1990/91,13,"Mark McCarrick, Eddie Bishop 3, Jim Steel, Chris Malkin"
1990/91,14,"Mark McCarrick, Chris Malkin"
1990/91,18,Jim Steel
1990/91,19,"Johnny Morrissey, Jim Steel"
1990/91,20,"Dave Higgins, Jimmy Harvey"
1990/91,21,"Johnny Morrissey, Jim Steel, Ian Muir 2"
1990/91,22,Jimmy Harvey
1990/91,23,"Steve Vickers, Kenny Irons"
1990/91,25,Kenny Irons
1990/91,26,Jim Steel
1990/91,27,Dave Higgins
1990/91,28,"Ian Muir, Tony Thomas, Johnny Morrissey"
1990/91,29,"Jim Steel, Kenny Irons"
1990/91,30,Ged Brannan
1990/91,31,"Johnny Morrissey, Jim Steel 2"
1990/91,32,"Kenny Irons, Ian Muir"
1990/91,33,"Ian Muir, Tony Thomas"
1990/91,35,Ian Muir 2
1990/91,36,OG
1990/91,37,"Jim Steel, Ian Muir 2"
1990/91,38,Kenny Irons
1990/91,39,Steve Mungall
1990/91,40,Tony Thomas
1990/91,41,"Jimmy Harvey, Ian Muir 3"
1990/91,43,Ian Muir
1990/91,44,"Ian Muir, Johnny Morrissey"
1990/91,45,Shaun Garnett
1990/91,46,"Johnny Morrissey, Chris Malkin"
1990/91,47,Tony Thomas
1990/91,48,"Kenny Irons, Chris Malkin"
1990/91,50,Johnny Morrissey
1990/91,53,Johnny Morrissey
1990/91,54,"Johnny Morrissey, Jim Steel"
1990/91,55,"Steve Vickers, Steve Cooper"
1990/91,56,"Kenny Irons, OG"
1990/91,57,Steve Cooper
1990/91,58,Steve Cooper 2
1990/91,59,Ged Brannan
1990/91,60,"Jim Steel, Steve Cooper"
1990/91,61,Chris Malkin
1991/92,1,John Aldridge 2
1991/92,2,"Kenny Irons, John Aldridge 3"
1991/92,3,"John Aldridge, Jim Steel"
1991/92,4,"John Aldridge 2, Jim Steel 2"
1991/92,5,"John Aldridge, Tony Thomas"
1991/92,6,"Mark Hughes, Chris Malkin"
1991/92,7,"Steve Vickers, Chris Malkin, Tony Thomas"
1991/92,8,"Ged Brannan, Kenny Irons"
1991/92,10,"Dave Higgins, John Aldridge"
1991/92,11,John Aldridge
1991/92,13,"John Aldridge 3, Jim Steel, Dave Martindale, Neil McNab"
1991/92,14,Jim Steel
1991/92,15,"John Aldridge, Jim Steel, Chris Malkin"
1991/92,17,John Aldridge
1991/92,18,"John Aldridge 3, Jim Steel, Dave Martindale"
1991/92,19,Jim Steel
1991/92,20,John Aldridge
1991/92,21,John Aldridge
1991/92,22,"Kenny Irons, John Aldridge"
1991/92,23,John Aldridge
1991/92,24,"Kenny Irons, John Aldridge 2"
1991/92,26,John Aldridge
1991/92,28,Johnny Morrissey
1991/92,30,Steve Cooper
1991/92,31,"Kenny Irons, John Aldridge"
1991/92,32,Kenny Irons
1991/92,33,John Aldridge
1991/92,35,Chris Malkin
1991/92,37,Ian Muir
1991/92,38,Johnny Morrissey
1991/92,40,"Johnny Morrissey 2, John Aldridge, Chris Malkin"
1991/92,41,John Aldridge
1991/92,44,"Jimmy Harvey, John Aldridge"
1991/92,45,"Johnny Morrissey, John Aldridge 2"
1991/92,46,"Kenny Irons, John Aldridge 3"
1991/92,49,Ian Muir
1991/92,50,"Ian Nolan, Jim Steel"
1991/92,51,"Johnny Morrissey, John Aldridge 2"
1991/92,52,"Kenny Irons, Tony Thomas"
1991/92,53,Ian Muir
1991/92,55,Ian Muir
1991/92,56,"Kenny Irons, Ian Muir"
1991/92,57,Kenny Irons
1991/92,58,John Aldridge
1991/92,59,John Aldridge
1992/93,1,"John Aldridge, Chris Malkin"
1992/93,2,"Shaun Garnett, John Aldridge 2"
1992/93,5,"Shaun Garnett, Ian Muir"
1992/93,7,"John Aldridge, Pat Nevin, Ian Muir"
1992/93,8,Pat Nevin
1992/93,9,John Aldridge 2
1992/93,11,"Johnny Morrissey, Pat Nevin"
1992/93,12,"Ged Brannan, Steve Mungall, John Aldridge"
1992/93,13,"John Aldridge 2, Pat Nevin"
1992/93,15,"Kenny Irons, Steve Mungall, John Aldridge 2"
1992/93,16,"Johnny Morrissey, OG"
1992/93,17,Chris Malkin
1992/93,18,"Johnny Morrissey, John Aldridge, Neil McNab"
1992/93,19,Pat Nevin
1992/93,21,"Kenny Irons, Pat Nevin 2"
1992/93,23,Chris Malkin
1992/93,24,John Aldridge 2
1992/93,25,"Kenny Irons, John Aldridge 3, Chris Malkin"
1992/93,26,Kenny Irons
1992/93,27,"Kenny Irons, Johnny Morrissey"
1992/93,28,John Aldridge 3
1992/93,29,Johnny Morrissey
1992/93,30,Steve Mungall
1992/93,31,"John Aldridge, Pat Nevin"
1992/93,32,"John Aldridge, Pat Nevin"
1992/93,33,"Steve Vickers, Johnny Morrissey 2"
1992/93,34,"Dave Higgins, John Aldridge 2, OG"
1992/93,35,Pat Nevin
1992/93,36,Dave Higgins
1992/93,37,Neil McNab
1992/93,42,"Chris Malkin 2, Pat Nevin"
1992/93,43,Pat Nevin
1992/93,44,"Johnny Morrissey, Chris Malkin"
1992/93,48,"Dave Martindale, Tommy Coyne"
1992/93,49,Pat Nevin 2
1992/93,50,Kenny Irons 3
1992/93,52,"Dave Higgins, Kenny Irons"
1992/93,53,"Dave Higgins, Mark Proctor"
1992/93,55,John Aldridge 2
1992/93,56,"Dave Martindale, Pat Nevin"
1992/93,57,Chris Malkin
1992/93,58,Johnny Morrissey
1992/93,59,"Kenny Irons, Mark Proctor, Pat Nevin"
1993/94,2,Chris Malkin
1993/94,3,Ged Brannan
1993/94,6,"John Aldridge, Ian Muir, Jon Kenworthy"
1993/94,7,Chris Malkin
1993/94,8,"Ian Muir, Tony Thomas"
1993/94,9,"John Aldridge, Ian Muir, Ged Brannan, Tony Thomas"
1993/94,11,"John Aldridge 2, Pat Nevin 3"
1993/94,12,"Ged Brannan, Pat Nevin"
1993/94,13,"Jon Kenworthy, Ian Muir"
1993/94,14,Kenny Irons
1993/94,15,"Chris Malkin, Pat Nevin"
1993/94,16,Chris Malkin
1993/94,17,"Ged Brannan, Pat Nevin"
1993/94,18,"Kenny Irons, Steve Vickers, John Aldridge 2"
1993/94,20,"Ian Muir 2, Pat Nevin"
1993/94,22,"John Aldridge, Pat Nevin 2, Johnny Morrissey"
1993/94,23,Gary Jones
1993/94,24,"John Aldridge 2, Chris Malkin"
1993/94,25,"Ged Brannan 2, John Aldridge"
1993/94,26,"John Aldridge, Pat Nevin"
1993/94,27,John Aldridge
1993/94,29,Kenny Irons
1993/94,31,"Ged Brannan, Chris Malkin"
1993/94,34,John Aldridge
1993/94,35,Chris Malkin
1993/94,36,Chris Malkin
1993/94,37,"Pat Nevin, Tony Thomas"
1993/94,39,"Ged Brannan, John Aldridge, Chris Malkin"
1993/94,40,"Ian Nolan, Mark Hughes, John Aldridge"
1993/94,41,John McGreal
1993/94,42,John Aldridge
1993/94,43,Chris Malkin
1993/94,45,John Aldridge 2
1993/94,47,John Aldridge
1993/94,48,"Ged Brannan, Liam O'Brien, John Aldridge 2"
1993/94,49,John Aldridge
1993/94,50,"Ged Brannan, Shaun Garnett, John Aldridge, Pat Nevin"
1993/94,51,"John Aldridge, Gary Jones"
1993/94,53,"Shaun Garnett, Kenny Irons, Ian Muir"
1993/94,54,"John Aldridge 2, Kenny Irons"
1993/94,55,"Ged Brannan, John Aldridge"
1993/94,56,"John Aldridge, Ian Muir"
1993/94,57,Ian Muir
1993/94,59,Pat Nevin
1994/95,2,"John Aldridge 2, Pat Nevin"
1994/95,3,"John Aldridge, Chris Malkin"
1994/95,4,John Aldridge
1994/95,5,"John Aldridge 3, Chris Malkin"
1994/95,6,"John Aldridge, Chris Malkin"
1994/95,9,Liam O'Brien
1994/95,10,"John Aldridge, Chris Malkin 2"
1994/95,11,Ged Brannan
1994/95,12,Chris Malkin
1994/95,14,John Aldridge
1994/95,16,John Aldridge
1994/95,17,John Aldridge 3
1994/95,19,John Aldridge
1994/95,20,Johnny Morrissey
1994/95,21,"John Aldridge 4, Chris Malkin 2"
1994/95,23,"Kenny Irons, Pat Nevin"
1994/95,25,Chris Malkin
1994/95,26,"Ian Muir 2, Ged Brannan"
1994/95,27,"Kenny Irons, Chris Malkin"
1994/95,29,"Gary Stevens, Steve Mungall"
1994/95,31,"Gary Jones, Chris Malkin 2"
1994/95,33,"Kenny Irons, Gary Jones"
1994/95,35,Ian Muir 2
1994/95,37,"Liam O'Brien, Ian Muir, Chris Malkin"
1994/95,38,"Ged Brannan, Ian Muir, Chris Malkin"
1994/95,40,"Johnny Morrissey, Chris Malkin 2"
1994/95,41,"Ian Muir, Gary Jones"
1994/95,42,Ian Muir
1994/95,43,Pat Nevin
1994/95,44,"Ian Muir 2, Pat Nevin, John Aldridge"
1994/95,45,Shaun Garnett
1994/95,47,"Johnny Morrissey, John Aldridge"
1994/95,49,Chris Malkin
1994/95,50,"John Aldridge 2, Chris Malkin, Kenny Irons"
1994/95,51,John Aldridge
1994/95,52,Pat Nevin
1994/95,55,John Aldridge
1994/95,56,John Aldridge
1994/95,57,Kenny Irons
1994/95,58,Chris Malkin
1995/96,1,"Liam O'Brien, John Aldridge"
1995/96,2,John Aldridge 2
1995/96,3,"Liam O'Brien, John Aldridge, Ian Moore"
1995/96,4,John Aldridge
1995/96,6,"John Aldridge, Gary Bennett"
1995/96,8,John Aldridge
1995/96,9,"Gary Bennett, Pat Nevin"
1995/96,10,"John Aldridge, Gary Bennett"
1995/96,11,"Ged Brannan, Gary Jones 2"
1995/96,12,John Aldridge
1995/96,13,"Gary Bennett, Ian Moore"
1995/96,14,"Gary Bennett, Ian Moore 2"
1995/96,15,Ian Moore
1995/96,16,Ian Moore
1995/96,17,"John Aldridge 2, Gary Bennett, Ian Moore, Pat Nevin"
1995/96,18,John Aldridge
1995/96,19,Ian Moore
1995/96,20,John Aldridge 2
1995/96,22,"Gary Jones, Gary Bennett"
1995/96,23,Ian Moore
1995/96,26,John Aldridge 2
1995/96,29,Ian Moore
1995/96,30,John Aldridge
1995/96,33,John Aldridge
1995/96,34,Graham Branch
1995/96,35,"John Aldridge, Gary Bennett"
1995/96,37,"John Aldridge, Pat Nevin"
1995/96,38,"Alan Rogers, John Aldridge"
1995/96,39,Graham Branch
1995/96,40,"John Aldridge, Gary Bennett"
1995/96,41,"John Aldridge, OG"
1995/96,43,"Alan Rogers, John Aldridge"
1995/96,44,John Aldridge
1995/96,45,"Paul Cook, John Aldridge"
1995/96,46,OG
1995/96,47,"John Aldridge, Liam O'Brien, Kenny Irons 2, Alan Morgan"
1995/96,48,Liam O'Brien
1995/96,49,John Aldridge
1995/96,51,"John Aldridge, Kenny Irons"
