season,game_no,player_name,goals_scored
1960/61,1,Graham Barnett,1
1960/61,2,Ken Finney,1
1960/61,2,Graham Barnett,1
1960/61,5,Ken Finney,1
1960/61,5,Elkanah Onyeali,2
1960/61,5,Tommy Eglington,1
1960/61,6,Ken Finney,1
1960/61,6,Elkanah Onyeali,1
1960/61,8,Keith Williams,1
1960/61,8,Tommy Eglington,1
1960/61,9,Keith Williams,3
1960/61,9,Elkanah Onyeali,1
1960/61,10,Graham Barnett,2
1960/61,11,Elkanah Onyeali,1
1960/61,12,Ken Finney,1
1960/61,12,Keith Williams,1
1960/61,13,Tommy Eglington,1
1960/61,14,Elkanah Onyeali,1
1960/61,15,Bobby Harrop,1
1960/61,15,Elkanah Onyeali,1
1960/61,16,Ken Finney,2
1960/61,16,Keith Williams,1
1960/61,17,Elkanah Onyeali,1
1960/61,17,Tommy Eglington,1
1960/61,18,Keith Williams,1
1960/61,18,Tony Rowley,1
1960/61,18,Tommy Eglington,1
1960/61,19,Keith Williams,1
1960/61,20,Keith Williams,1
1960/61,21,Keith Williams,1
1960/61,21,Tony Rowley,1
1960/61,22,Keith Williams,1
1960/61,23,Keith Williams,1
1960/61,24,Keith Williams,1
1960/61,24,Elkanah Onyeali,1
1960/61,25,Tony Rowley,1
1960/61,26,Tony Rowley,2
1960/61,27,Keith Williams,1
1960/61,27,Tony Rowley,1
1960/61,30,Keith Williams,1
1960/61,30,Tony Rowley,1
1960/61,30,Graham Barnett,1
1960/61,31,Tony Rowley,1
1960/61,31,Ken Price,1
1960/61,32,Tommy Eglington,1
1960/61,33,Ken Price,1
1960/61,34,Keith Williams,3
1960/61,34,Jimmy Mulkerrin,1
1960/61,34,Tommy Eglington,1
1960/61,34,OG,1
1960/61,35,Keith Williams,1
1960/61,35,Graham Barnett,1
1960/61,36,Keith Williams,2
1960/61,37,Ken Finney,1
1960/61,39,Keith Williams,1
1960/61,40,Keith Williams,1
1960/61,40,Alan Arnell,2
1960/61,42,Tommy Murray,1
1960/61,42,Keith Williams,2
1960/61,42,Alan Arnell,1
1960/61,42,Ralph Gubbins,2
1960/61,42,Tommy Eglington,1
1960/61,43,Keith Williams,1
1960/61,44,Keith Williams,1
1960/61,45,Alan Arnell,1
1960/61,46,Keith Williams,1
1960/61,46,Alan Arnell,1
1960/61,47,Keith Williams,1
1960/61,48,Ralph Gubbins,2
1960/61,50,Keith Williams,1
1960/61,50,Ralph Gubbins,1
1960/61,51,Ralph Gubbins,1
1960/61,52,Charlie McDonnell,1
1961/62,1,Alan Arnell,1
1961/62,2,Les Campbell,1
1961/62,3,Tommy Neill,1
1961/62,4,NA,1
1961/62,4,Alan Arnell,1
1961/62,4,Les Campbell,1
1961/62,5,Ken Finney,1
1961/62,5,Peter Jackson,1
1961/62,5,Ralph Gubbins,1
1961/62,6,Ken Finney,1
1961/62,7,Alan Arnell,3
1961/62,8,Ralph Gubbins,1
1961/62,8,Alan Arnell,2
1961/62,10,Ralph Gubbins,1
1961/62,10,Alan Arnell,3
1961/62,11,Ralph Gubbins,1
1961/62,11,Alan Arnell,1
1961/62,14,Ken Finney,1
1961/62,15,Ken Finney,1
1961/62,15,John Frye,1
1961/62,15,Alan Arnell,1
1961/62,16,Alan Arnell,1
1961/62,16,Ralph Gubbins,2
1961/62,17,John Frye,1
1961/62,17,Alan Arnell,1
1961/62,18,Ralph Gubbins,1
1961/62,19,John Frye,1
1961/62,19,Alan Arnell,1
1961/62,20,Ken Finney,1
1961/62,20,John Frye,1
1961/62,20,Ralph Gubbins,2
1961/62,20,Jimmy Anders,1
1961/62,21,Ralph Gubbins,2
1961/62,22,Johnny King,1
1961/62,22,Ralph Gubbins,1
1961/62,24,John Frye,1
1961/62,26,Alan Arnell,1
1961/62,28,Ralph Gubbins,2
1961/62,28,John Frye,1
1961/62,30,Alan Arnell,1
1961/62,31,Ralph Gubbins,2
1961/62,31,Alan Arnell,3
1961/62,32,Tommy Neill,1
1961/62,32,John Frye,1
1961/62,32,Ken Finney,1
1961/62,33,OG,1
1961/62,34,Ralph Gubbins,1
1961/62,34,Alan Arnell,1
1961/62,36,John Byrne,1
1961/62,36,Ralph Gubbins,1
1961/62,37,John Byrne,1
1961/62,37,Ralph Gubbins,1
1961/62,37,Alan Arnell,2
1961/62,38,Ralph Gubbins,1
1961/62,40,Ken Finney,1
1961/62,40,John Byrne,1
1961/62,41,Ralph Gubbins,1
1961/62,43,John Byrne,1
1961/62,43,Alan Arnell,2
1961/62,44,Alan Arnell,2
1962/63,1,Ralph Gubbins,1
1962/63,1,Alan Arnell,1
1962/63,3,Malcolm Edwards,1
1962/63,5,John Manning,1
1962/63,6,Jimmy Milner,1
1962/63,6,Ralph Gubbins,1
1962/63,7,Les Campbell,3
1962/63,7,Jimmy Milner,1
1962/63,7,Alan Arnell,2
1962/63,8,Dave Hickson,1
1962/63,9,Jimmy Milner,1
1962/63,9,Dave Hickson,2
1962/63,10,Dave Hickson,1
1962/63,11,Ralph Gubbins,1
1962/63,11,Les Jones,1
1962/63,11,Dave Hickson,2
1962/63,11,Alan Arnell,3
1962/63,12,Bobby Conroy,1
1962/63,12,Les Jones,1
1962/63,12,Barry Dyson,1
1962/63,13,Ralph Gubbins,1
1962/63,14,Les Jones,1
1962/63,14,Dave Hickson,1
1962/63,15,Dave Hickson,1
1962/63,15,Barry Dyson,1
1962/63,16,Ralph Gubbins,1
1962/63,16,Barry Dyson,1
1962/63,17,Ralph Gubbins,1
1962/63,19,Les Jones,1
1962/63,19,Dave Hickson,1
1962/63,20,Les Jones,2
1962/63,21,John Manning,2
1962/63,21,Dave Hickson,2
1962/63,22,Dave Hickson,3
1962/63,22,Les Jones,1
1962/63,23,Les Jones,1
1962/63,24,Barry Dyson,1
1962/63,24,OG,1
1962/63,25,Les Jones,1
1962/63,25,Dave Hickson,1
1962/63,25,Ralph Gubbins,1
1962/63,26,Johnny King,1
1962/63,26,Les Jones,1
1962/63,27,Dave Hickson,1
1962/63,28,Ken Finney,1
1962/63,29,Dave Hickson,1
1962/63,29,Ralph Gubbins,1
1962/63,29,Barry Dyson,1
1962/63,30,Dave Hickson,1
1962/63,32,Dave Hickson,2
1962/63,32,OG,1
1962/63,33,John Manning,2
1962/63,35,Barry Dyson,2
1962/63,35,Jimmy Milner,1
1962/63,36,Johnny King,1
1962/63,36,Barry Dyson,1
1962/63,36,Dave Hickson,1
1962/63,37,Barry Dyson,1
1962/63,37,Dave Hickson,1
1962/63,40,Dave Hickson,1
1962/63,40,OG,1
1962/63,42,Barry Dyson,1
1962/63,42,Peter Jackson,3
1962/63,42,Ronnie Roberts,1
1962/63,43,Barry Dyson,1
1962/63,44,Ralph Gubbins,1
1962/63,44,Peter Jackson,1
1962/63,46,Barry Dyson,1
1962/63,48,John Manning,2
1962/63,49,John Manning,1
1962/63,49,Joe Pritchard,2
1962/63,50,Barry Dyson,1
1962/63,50,Alan King,1
1963/64,1,Barry Dyson,1
1963/64,2,Barry Dyson,1
1963/64,3,Johnny King,1
1963/64,3,Ralph Gubbins,1
1963/64,3,Les Jones,2
1963/64,3,Dave Hickson,1
1963/64,3,OG,1
1963/64,4,Barry Dyson,2
1963/64,5,Les Jones,1
1963/64,5,Dave Hickson,1
1963/64,5,Barry Dyson,2
1963/64,6,Les Jones,1
1963/64,6,Barry Dyson,1
1963/64,9,Barry Dyson,1
1963/64,10,Bobby Conroy,1
1963/64,10,Barry Dyson,1
1963/64,12,Les Campbell,1
1963/64,12,OG,1
1963/64,14,NA,1
1963/64,14,John Manning,1
1963/64,15,Bernard Evans,1
1963/64,16,Barry Dyson,1
1963/64,17,Bernard Evans,1
1963/64,19,Charlie McDonnell,1
1963/64,19,Bernard Evans,1
1963/64,20,Barry Dyson,1
1963/64,20,Ronnie Roberts,1
1963/64,21,Bernard Evans,1
1963/64,21,Barry Dyson,1
1963/64,22,Charlie McDonnell,1
1963/64,24,Les Jones,1
1963/64,25,Les Jones,1
1963/64,25,John Manning,1
1963/64,25,Barry Dyson,1
1963/64,26,Les Campbell,1
1963/64,26,John Manning,1
1963/64,26,OG,1
1963/64,27,John Manning,1
1963/64,27,Barry Dyson,1
1963/64,28,Barry Dyson,1
1963/64,29,John Manning,1
1963/64,30,Les Jones,1
1963/64,30,John Manning,2
1963/64,31,John Manning,1
1963/64,31,Barry Dyson,2
1963/64,32,Les Jones,1
1963/64,32,John Manning,1
1963/64,32,Barry Dyson,1
1963/64,33,John Manning,1
1963/64,33,Barry Dyson,2
1963/64,34,John Manning,1
1963/64,35,NA,1
1963/64,35,Les Jones,1
1963/64,35,Barry Dyson,1
1963/64,36,Malcolm Edwards,1
1963/64,36,John Manning,1
1963/64,37,Les Jones,1
1963/64,37,Barry Dyson,1
1963/64,38,Les Jones,1
1963/64,38,Barry Dyson,1
1963/64,40,John Manning,2
1963/64,41,Les Campbell,1
1963/64,41,Les Jones,1
1963/64,41,John Manning,1
1963/64,41,Barry Dyson,1
1963/64,42,Les Jones,1
1963/64,42,OG,1
1963/64,44,Barry Dyson,2
1963/64,45,Les Campbell,1
1963/64,45,Les Jones,1
1963/64,45,John Manning,1
1963/64,45,Barry Dyson,2
1963/64,46,Les Jones,1
1963/64,46,Barry Dyson,1
1963/64,47,Bernard Evans,1
1963/64,47,OG,1
1963/64,48,Barry Dyson,1
1963/64,49,John Manning,2
1963/64,50,John Manning,2
1964/65,1,John Manning,2
1964/65,1,Barry Dyson,3
1964/65,2,Jack Lornie,1
1964/65,2,John Manning,2
1964/65,2,Charlie McDonnell,1
1964/65,3,Barry Dyson,1
1964/65,4,John Manning,2
1964/65,4,Barry Dyson,1
1964/65,4,Charlie McDonnell,1
1964/65,5,John Manning,1
1964/65,5,Charlie McDonnell,1
1964/65,6,John Manning,1
1964/65,8,John Manning,1
1964/65,9,John Manning,2
1964/65,9,Charlie McDonnell,1
1964/65,9,Jimmy Weir,1
1964/65,10,Barry Dyson,2
1964/65,10,Les Jones,2
1964/65,10,Jimmy Weir,1
1964/65,12,Mandy Hill,1
1964/65,12,Barry Dyson,1
1964/65,12,John Manning,2
1964/65,12,Charlie McDonnell,1
1964/65,12,Jimmy Weir,1
1964/65,14,John Manning,1
1964/65,14,Charlie McDonnell,1
1964/65,15,Barry Dyson,2
1964/65,15,Charlie McDonnell,1
1964/65,17,John Manning,3
1964/65,17,Charlie McDonnell,2
1964/65,18,Mandy Hill,2
1964/65,18,Charlie McDonnell,1
1964/65,19,Eddie Stuart,1
1964/65,19,John Manning,1
1964/65,20,John Manning,1
1964/65,20,Charlie McDonnell,2
1964/65,21,Les Jones,2
1964/65,21,John Manning,1
1964/65,22,Alan King,1
1964/65,22,Charlie McDonnell,1
1964/65,22,Alan A'Court,1
1964/65,25,Barry Dyson,2
1964/65,26,Roy Sinclair,1
1964/65,26,Barry Dyson,1
1964/65,26,Charlie McDonnell,1
1964/65,26,Alan A'Court,1
1964/65,27,Charlie McDonnell,1
1964/65,28,Barry Dyson,2
1964/65,28,Charlie McDonnell,1
1964/65,29,Les Jones,2
1964/65,29,Barry Dyson,1
1964/65,29,Charlie McDonnell,1
1964/65,30,Barry Dyson,1
1964/65,31,Barry Dyson,1
1964/65,33,Charlie McDonnell,1
1964/65,33,OG,1
1964/65,35,Mandy Hill,1
1964/65,35,Barry Dyson,1
1964/65,36,John Manning,1
1964/65,36,Charlie McDonnell,1
1964/65,37,Barry Dyson,1
1964/65,37,John Manning,1
1964/65,37,Charlie McDonnell,1
1964/65,38,Barry Dyson,1
1964/65,39,Charlie McDonnell,2
1964/65,40,Barry Dyson,1
1964/65,41,Eddie Stuart,1
1964/65,43,Barry Dyson,1
1964/65,43,Charlie McDonnell,2
1964/65,43,Alan A'Court,1
1964/65,44,Alan King,1
1964/65,44,Roy Sinclair,1
1964/65,44,Barry Dyson,1
1964/65,44,Alan A'Court,1
1964/65,45,Barry Dyson,1
1964/65,47,Barry Dyson,2
1964/65,48,Barry Dyson,1
1964/65,49,Jack Lornie,1
1964/65,49,Barry Dyson,1
1965/66,1,Barry Dyson,2
1965/66,2,Alan King,1
1965/66,3,Frank Twist,1
1965/66,4,John Manning,1
1965/66,4,Barry Dyson,1
1965/66,5,Barry Dyson,2
1965/66,6,Barry Dyson,1
1965/66,6,Bruce Crawford,1
1965/66,7,Joe Pritchard,1
1965/66,7,Bruce Crawford,1
1965/66,8,Barry Dyson,1
1965/66,10,Barry Dyson,2
1965/66,11,Alan King,1
1965/66,11,John Manning,2
1965/66,11,Barry Dyson,1
1965/66,11,OG,1
1965/66,14,Roy Parnell,1
1965/66,15,Jack Lornie,2
1965/66,15,John Manning,1
1965/66,15,Barry Dyson,2
1965/66,16,Alan King,1
1965/66,17,Alan King,1
1965/66,17,John Manning,2
1965/66,17,Barry Dyson,2
1965/66,17,OG,1
1965/66,18,Joe Pritchard,1
1965/66,18,John Manning,1
1965/66,19,John Manning,1
1965/66,22,Bruce Crawford,1
1965/66,22,John Manning,1
1965/66,22,Barry Dyson,1
1965/66,24,John Manning,1
1965/66,24,Barry Dyson,2
1965/66,24,Roy Sinclair,3
1965/66,25,Barry Dyson,1
1965/66,27,John Manning,2
1965/66,27,Barry Dyson,1
1965/66,27,Bruce Crawford,1
1965/66,27,Alan A'Court,2
1965/66,28,Jack Lornie,1
1965/66,28,Bruce Crawford,1
1965/66,28,Graham Stanley,1
1965/66,30,Alan King,2
1965/66,30,Barry Dyson,1
1965/66,30,Roy Sinclair,1
1965/66,30,Alan A'Court,1
1965/66,31,Mandy Hill,1
1965/66,31,Barry Dyson,1
1965/66,31,Alan A'Court,1
1965/66,32,Joe Pritchard,1
1965/66,32,Barry Dyson,2
1965/66,33,John Manning,1
1965/66,33,Alan A'Court,3
1965/66,34,Barry Dyson,1
1965/66,35,OG,1
1965/66,36,Barry Dyson,1
1965/66,37,John Manning,1
1965/66,38,John Manning,1
1965/66,39,Alan King,1
1965/66,40,Jack Lornie,1
1965/66,42,Roy Parnell,1
1965/66,44,Alan King,1
1965/66,45,Mandy Hill,1
1965/66,45,John Manning,2
1965/66,45,Barry Dyson,2
1965/66,45,Frank Twist,1
1965/66,46,Mandy Hill,1
1965/66,46,Barry Dyson,1
1965/66,46,Frank Twist,1
1965/66,47,John Manning,1
1965/66,47,Barry Dyson,3
1965/66,47,Joe Pritchard,1
1965/66,48,John Manning,1
1965/66,48,OG,1
1966/67,1,Barry Ashworth,1
1966/67,1,John Manning,2
1966/67,1,Barry Dyson,1
1966/67,1,Roy Sinclair,1
1966/67,3,Graham Williams,1
1966/67,4,John Manning,1
1966/67,4,Barry Dyson,2
1966/67,5,Mandy Hill,1
1966/67,5,John Manning,1
1966/67,6,Joe Pritchard,1
1966/67,7,John Manning,1
1966/67,9,Graham Williams,1
1966/67,10,Roy Sinclair,2
1966/67,11,Barry Ashworth,1
1966/67,11,Joe Pritchard,1
1966/67,12,Joe Pritchard,1
1966/67,13,Barry Ashworth,1
1966/67,13,Alan King,1
1966/67,13,John Manning,2
1966/67,13,Brian Westlake,1
1966/67,14,Joe Pritchard,1
1966/67,14,Graham Williams,1
1966/67,16,Joe Pritchard,1
1966/67,16,Brian Westlake,1
1966/67,18,Brian Westlake,1
1966/67,19,Mandy Hill,1
1966/67,21,Roy Parnell,1
1966/67,22,Graham Williams,1
1966/67,24,Joe Pritchard,1
1966/67,25,George Yardley,1
1966/67,27,George Yardley,2
1966/67,27,Alan King,1
1966/67,28,George Yardley,1
1966/67,29,Barry Ashworth,1
1966/67,29,Graham Williams,1
1966/67,30,Graham Williams,1
1966/67,31,George Yardley,1
1966/67,31,George Hudson,1
1966/67,31,Graham Williams,1
1966/67,31,OG,1
1966/67,33,George Yardley,1
1966/67,33,Joe Pritchard,1
1966/67,34,George Yardley,2
1966/67,35,Teddie Robertson,1
1966/67,35,George Yardley,1
1966/67,36,George Yardley,1
1966/67,36,George Hudson,1
1966/67,38,George Yardley,1
1966/67,39,Joe Pritchard,1
1966/67,40,Johnny King,1
1966/67,40,George Yardley,1
1966/67,42,Dennis Stevens,1
1966/67,43,Stan Storton,1
1966/67,44,George Hudson,1
1966/67,44,Roy Sinclair,1
1966/67,45,George Yardley,2
1966/67,45,George Hudson,1
1966/67,46,Joe Pritchard,1
1966/67,47,Alan King,1
1966/67,47,George Yardley,1
1966/67,47,Graham Williams,1
1966/67,48,Graham Williams,1
1966/67,50,Dennis Stevens,1
1966/67,50,George Hudson,1
1966/67,50,Graham Williams,1
1966/67,51,George Hudson,1
1966/67,51,George Yardley,1
1966/67,51,Joe Pritchard,1
1967/68,2,Joe Pritchard,1
1967/68,2,George Yardley,1
1967/68,3,George Yardley,1
1967/68,4,George Yardley,1
1967/68,5,Joe Pritchard,2
1967/68,6,George Yardley,4
1967/68,9,Joe Pritchard,1
1967/68,9,George Yardley,1
1967/68,10,Alan King,1
1967/68,11,Gerry Casey,1
1967/68,11,George Yardley,3
1967/68,12,George Yardley,1
1967/68,13,Dennis Stevens,1
1967/68,13,Joe Pritchard,1
1967/68,13,Graham Williams,1
1967/68,14,Joe Pritchard,1
1967/68,16,George Yardley,2
1967/68,17,George Yardley,1
1967/68,17,Kenny Beamish,1
1967/68,18,Graham Williams,1
1967/68,19,Alan King,1
1967/68,19,Joe Pritchard,1
1967/68,19,Kenny Beamish,1
1967/68,20,George Yardley,3
1967/68,21,Joe Pritchard,1
1967/68,22,George Yardley,1
1967/68,23,George Yardley,1
1967/68,23,George Hudson,2
1967/68,24,George Yardley,1
1967/68,24,George Hudson,3
1967/68,24,Graham Williams,1
1967/68,25,George Hudson,2
1967/68,27,George Yardley,1
1967/68,28,Alan King,1
1967/68,28,George Yardley,1
1967/68,29,Dennis Stevens,1
1967/68,29,George Yardley,1
1967/68,29,John MacNamee,1
1967/68,30,Alan King,1
1967/68,30,John MacNamee,1
1967/68,31,Kenny Beamish,1
1967/68,31,Graham Williams,1
1967/68,32,Alan King,1
1967/68,32,John MacNamee,1
1967/68,33,George Yardley,1
1967/68,33,Graham Williams,1
1967/68,34,Alan King,1
1967/68,35,George Yardley,1
1967/68,35,George Hudson,1
1967/68,36,Kenny Beamish,1
1967/68,37,George Yardley,1
1967/68,37,Kenny Beamish,1
1967/68,38,Mandy Hill,1
1967/68,42,Derek Smith,1
1967/68,43,John MacNamee,1
1967/68,43,Kenny Beamish,1
1967/68,43,Roy Sinclair,1
1967/68,44,Alan King,1
1967/68,45,Joe Pritchard,1
1967/68,48,Joe Pritchard,1
1967/68,51,Roy Sinclair,1
1967/68,51,Joe Pritchard,1
1967/68,52,Joe Pritchard,1
1967/68,54,George Hudson,1
1968/69,1,Gerry Casey,1
1968/69,1,George Yardley,1
1968/69,3,George Yardley,1
1968/69,4,Gerry Casey,1
1968/69,4,George Yardley,1
1968/69,5,George Yardley,1
1968/69,6,George Yardley,1
1968/69,7,Kenny Beamish,1
1968/69,7,George Yardley,1
1968/69,8,Gerry Casey,1
1968/69,10,George Yardley,2
1968/69,10,Alan King,1
1968/69,12,John MacNamee,1
1968/69,15,Frank Gill,1
1968/69,15,Alan King,1
1968/69,16,Derek Smith,1
1968/69,16,Kenny Beamish,1
1968/69,16,George Hudson,1
1968/69,17,George Yardley,1
1968/69,17,John MacNamee,2
1968/69,18,Derek Smith,1
1968/69,18,George Yardley,1
1968/69,20,George Hudson,1
1968/69,21,Derek Smith,1
1968/69,21,Kenny Beamish,1
1968/69,22,George Hudson,1
1968/69,22,Roy Sinclair,1
1968/69,23,George Yardley,2
1968/69,23,Roy Sinclair,1
1968/69,25,Kenny Beamish,1
1968/69,26,George Yardley,2
1968/69,26,Roy Sinclair,2
1968/69,28,George Hudson,1
1968/69,28,Kenny Beamish,1
1968/69,30,Gerry Casey,1
1968/69,30,George Hudson,1
1968/69,30,Kenny Beamish,2
1968/69,31,George Hudson,1
1968/69,32,Roy Sinclair,1
1968/69,33,Gerry Casey,1
1968/69,33,Joe Pritchard,1
1968/69,33,Roy Sinclair,1
1968/69,37,Alan King,1
1968/69,38,George Hudson,1
1968/69,38,OG,1
1968/69,40,John MacNamee,1
1968/69,41,John Rowland,1
1968/69,41,Kenny Beamish,1
1968/69,42,Dave Moorcroft,1
1968/69,42,Kenny Beamish,1
1968/69,43,Alan King,1
1968/69,43,Derek Smith,1
1968/69,44,Kenny Beamish,1
1968/69,45,Alan King,1
1968/69,45,John Rowland,1
1968/69,46,Alan King,1
1968/69,46,Derek Smith,2
1968/69,46,Kenny Beamish,3
1968/69,47,John Rowland,1
1968/69,47,Derek Smith,2
1968/69,47,Kenny Beamish,1
1968/69,47,John MacNamee,1
1968/69,49,Derek Smith,2
1968/69,52,John MacNamee,1
1969/70,1,George Yardley,2
1969/70,1,Derek Smith,1
1969/70,2,Kenny Beamish,1
1969/70,3,George Yardley,2
1969/70,3,Derek Smith,1
1969/70,4,Kenny Beamish,1
1969/70,4,Joe Pritchard,1
1969/70,4,George Yardley,1
1969/70,5,John MacNamee,1
1969/70,6,George Yardley,1
1969/70,7,George Yardley,1
1969/70,7,Derek Smith,1
1969/70,8,Alan King,1
1969/70,9,Derek Smith,1
1969/70,11,George Yardley,3
1969/70,15,George Yardley,1
1969/70,16,George Yardley,1
1969/70,16,Derek Smith,1
1969/70,16,John MacNamee,2
1969/70,16,OG,1
1969/70,19,Alan King,1
1969/70,19,Kenny Beamish,1
1969/70,20,Derek Smith,1
1969/70,20,Kenny Beamish,1
1969/70,21,Stan Storton,1
1969/70,21,Derek Smith,1
1969/70,22,Kenny Beamish,1
1969/70,22,George Yardley,2
1969/70,23,Kenny Beamish,1
1969/70,23,Derek Smith,1
1969/70,24,Derek Smith,1
1969/70,26,Kenny Beamish,1
1969/70,26,George Scott,1
1969/70,27,Eric Brodie,1
1969/70,27,George Scott,1
1969/70,27,Derek Smith,1
1969/70,28,Derek Smith,1
1969/70,29,Derek Smith,1
1969/70,29,Kenny Beamish,1
1969/70,31,Kenny Beamish,1
1969/70,31,John MacNamee,1
1969/70,35,Derek Smith,1
1969/70,38,George Yardley,1
1969/70,39,Alan King,1
1969/70,41,Kenny Beamish,1
1969/70,43,Alan King,1
1969/70,44,Joe Pritchard,1
1969/70,44,Kenny Beamish,1
1969/70,44,George Yardley,1
1969/70,46,Alan King,1
1969/70,47,George Yardley,1
1969/70,48,George Yardley,1
1969/70,49,Alan King,1
1969/70,49,Jimmy Hinch,1
1969/70,49,Frank Gill,1
1969/70,50,Tony Knapp,1
1969/70,51,George Yardley,1
1969/70,52,Kenny Beamish,1
1969/70,52,Jimmy Hinch,1
1969/70,52,Frank Gill,3
1969/70,54,Kenny Beamish,1
1969/70,55,George Yardley,1
1970/71,1,Kenny Beamish,1
1970/71,2,George Yardley,1
1970/71,2,Jimmy Hinch,1
1970/71,4,Kenny Beamish,3
1970/71,4,Alan King,1
1970/71,5,George Yardley,1
1970/71,5,OG,1
1970/71,6,George Yardley,1
1970/71,7,Jimmy Hinch,1
1970/71,7,Frank Gill,1
1970/71,8,George Yardley,1
1970/71,11,Jimmy Hinch,1
1970/71,12,Jimmy Hinch,1
1970/71,14,Frank Gill,1
1970/71,15,Jimmy Hinch,1
1970/71,16,Malcolm Moore,1
1970/71,17,Eric Brodie,1
1970/71,17,Malcolm Moore,1
1970/71,17,Jimmy Hinch,1
1970/71,19,Brian Joy,1
1970/71,19,Kenny Beamish,1
1970/71,19,Malcolm Moore,1
1970/71,19,Jimmy Hinch,1
1970/71,20,Malcolm Moore,2
1970/71,23,Frank Gill,1
1970/71,27,Kenny Beamish,3
1970/71,27,Jimmy Hinch,2
1970/71,28,Kenny Beamish,1
1970/71,30,Paul Crossley,1
1970/71,30,Kenny Beamish,1
1970/71,30,Malcolm Moore,1
1970/71,32,Jimmy Hinch,1
1970/71,34,Malcolm Moore,1
1970/71,34,Eric Brodie,1
1970/71,37,John Dempsey,1
1970/71,37,Malcolm Moore,1
1970/71,37,Frank Gill,1
1970/71,38,Malcolm Moore,2
1970/71,39,Kenny Beamish,1
1970/71,41,Paul Crossley,1
1970/71,42,Paul Crossley,2
1970/71,42,Trevor Storton,1
1970/71,43,Kenny Beamish,1
1970/71,46,OG,1
1970/71,48,Kenny Beamish,1
1970/71,53,Eric Brodie,1
1971/72,1,Kenny Beamish,1
1971/72,1,Trevor Storton,1
1971/72,2,Eric Brodie,1
1971/72,3,Ray Mathias,1
1971/72,4,Malcolm Moore,1
1971/72,4,Kenny Beamish,2
1971/72,7,Kenny Beamish,1
1971/72,10,Trevor Storton,2
1971/72,12,John Coyne,1
1971/72,12,Paul Crossley,1
1971/72,13,John Coyne,1
1971/72,13,Kenny Beamish,1
1971/72,14,Kenny Beamish,1
1971/72,14,John Coyne,1
1971/72,17,Alex Russell,1
1971/72,17,Kenny Beamish,1
1971/72,18,Kenny Beamish,1
1971/72,19,Alex Russell,1
1971/72,19,Alan King,1
1971/72,20,Alex Russell,1
1971/72,21,Alan King,1
1971/72,21,Malcolm Moore,1
1971/72,21,Paul Crossley,2
1971/72,22,Malcolm Moore,1
1971/72,23,Kenny Beamish,1
1971/72,24,Trevor Storton,1
1971/72,24,Paul Crossley,1
1971/72,25,Eric Brodie,1
1971/72,25,Kenny Beamish,1
1971/72,25,Malcolm Moore,1
1971/72,25,Paul Crossley,1
1971/72,26,Alex Russell,1
1971/72,26,Kenny Beamish,1
1971/72,28,Kenny Beamish,1
1971/72,28,Trevor Storton,1
1971/72,28,Paul Crossley,1
1971/72,29,Paul Crossley,1
1971/72,31,Kenny Beamish,1
1971/72,31,Malcolm Moore,1
1971/72,31,Trevor Storton,1
1971/72,31,Paul Crossley,1
1971/72,32,Kenny Beamish,1
1971/72,34,Ron Yeats,1
1971/72,34,Kenny Beamish,1
1971/72,36,Malcolm Moore,1
1971/72,37,Kenny Beamish,1
1971/72,37,Malcolm Moore,2
1971/72,37,Paul Crossley,1
1971/72,39,Kenny Beamish,1
1971/72,39,OG,1
1971/72,41,Malcolm Moore,1
1971/72,41,John Manning,1
1971/72,44,Trevor Storton,2
1971/72,44,Aiden Maher,1
1971/72,45,Alan King,1
1971/72,45,Trevor Storton,1
1971/72,47,Kit Fagan,1
1971/72,48,OG,1
1971/72,49,Malcolm Moore,1
1971/72,50,Ron Yeats,1
1971/72,50,Alex Russell,1
1971/72,50,Kit Fagan,1
1971/72,54,Ron Yeats,1
1971/72,54,Alan King,1
1971/72,56,Malcolm Moore,1
1972/73,3,Eddie Loyden,1
1972/73,3,Tommy Young,1
1972/73,6,Paul Crossley,1
1972/73,6,Eddie Loyden,2
1972/73,7,Paul Crossley,1
1972/73,8,Alex Russell,1
1972/73,9,Paul Crossley,1
1972/73,11,Eddie Flood,1
1972/73,11,Eddie Loyden,3
1972/73,12,Alex Russell,1
1972/73,13,Paul Crossley,1
1972/73,15,Alan Duffy,1
1972/73,17,Eddie Loyden,1
1972/73,18,Malcolm Moore,1
1972/73,18,NA,1
1972/73,18,Eddie Loyden,2
1972/73,19,Malcolm Moore,1
1972/73,20,OG,1
1972/73,21,Eddie Flood,1
1972/73,21,Malcolm Moore,1
1972/73,22,Paul Crossley,1
1972/73,23,Eddie Loyden,1
1972/73,24,Tommy Young,1
1972/73,25,Tommy Young,1
1972/73,25,Paul Crossley,1
1972/73,27,Eddie Loyden,1
1972/73,28,Eddie Loyden,1
1972/73,28,Tommy Young,2
1972/73,28,Paul Crossley,2
1972/73,29,Malcolm Moore,1
1972/73,29,Alan Duffy,1
1972/73,29,Paul Crossley,1
1972/73,32,Bobby Graham,2
1972/73,32,NA,1
1972/73,32,Eddie Loyden,1
1972/73,32,Tommy Young,1
1972/73,32,OG,1
1972/73,34,Eddie Loyden,1
1972/73,35,Eddie Loyden,1
1972/73,36,Eddie Loyden,1
1972/73,36,Tommy Young,1
1972/73,38,Ron Yeats,1
1972/73,39,Eddie Loyden,1
1972/73,40,Tommy Veitch,1
1972/73,40,Bobby Graham,1
1972/73,41,Malcolm Moore,1
1972/73,43,Tommy Young,2
1972/73,44,Tommy Young,1
1972/73,44,Paul Crossley,1
1972/73,46,Eddie Loyden,1
1972/73,49,Eddie Loyden,1
1980/81,1,Elfyn Edwards,1
1980/81,1,John Kelly,1
1980/81,1,Steve Craven,1
1980/81,3,Jim Lumby,1
1980/81,6,Clive Evans,1
1980/81,7,Clive Evans,1
1980/81,7,Jim Lumby,2
1980/81,8,John Bramhall,1
1980/81,8,John Kerr,1
1980/81,9,Jim Lumby,1
1980/81,11,Kenny Beamish,1
1980/81,12,Jim Lumby,1
1980/81,13,Jim Lumby,2
1980/81,13,Kenny Beamish,1
1980/81,14,Steve Peplow,1
1980/81,14,Jim Lumby,3
1980/81,14,Kenny Beamish,1
1980/81,15,Clive Evans,1
1980/81,15,Jim Lumby,1
1980/81,15,Kenny Beamish,1
1980/81,16,Jim Lumby,1
1980/81,17,Steve Peplow,1
1980/81,18,Steve Peplow,1
1980/81,18,Steve Mungall,1
1980/81,18,John Kerr,1
1980/81,19,Steve Mungall,1
1980/81,19,Jim Lumby,1
1980/81,20,Jim Lumby,1
1980/81,22,Clive Evans,1
1980/81,22,Jim Lumby,2
1980/81,23,Jim Lumby,1
1980/81,27,Kenny Beamish,1
1980/81,27,Steve Craven,1
1980/81,28,Steve Craven,1
1980/81,29,Jim Lumby,1
1980/81,29,John Kerr,1
1980/81,32,John Kerr,1
1980/81,34,John Kelly,1
1980/81,35,Les Parry,1
1980/81,35,John Kelly,1
1980/81,35,Kenny Beamish,1
1980/81,36,John Kerr,1
1980/81,37,Clive Evans,1
1980/81,37,John Kelly,1
1980/81,39,Neville Powell,1
1980/81,41,Clive Evans,1
1980/81,42,OG,1
1980/81,43,John Bramhall,1
1980/81,44,Kenny Beamish,1
1980/81,44,John Kerr,1
1980/81,45,Clive Evans,1
1980/81,46,Steve Mungall,1
1980/81,46,John Kelly,1
1980/81,47,Les Parry,1
1980/81,47,Clive Evans,1
1980/81,48,Clive Evans,2
1980/81,48,John Williams,1
1980/81,49,Steve Craven,1
1980/81,51,John Williams,1
1980/81,52,Steve Peplow,1
1980/81,52,John Kelly,1
1981/82,2,John Kerr,1
1981/82,2,Owen Brown,2
1981/82,2,OG,1
1981/82,5,John Kelly,1
1981/82,5,John Kerr,1
1981/82,5,Owen Brown,1
1981/82,6,Steve Mungall,1
1981/82,7,John Bramhall,1
1981/82,7,Owen Brown,1
1981/82,9,John Williams,1
1981/82,10,Derek Mountfield,1
1981/82,10,John Williams,1
1981/82,11,Owen Brown,2
1981/82,12,Bryan Hamilton,1
1981/82,13,Owen Brown,2
1981/82,14,Owen Brown,1
1981/82,15,Brian Morley,1
1981/82,15,Owen Brown,1
1981/82,16,Bobby Hutchinson,1
1981/82,16,John Kerr,1
1981/82,20,Bobby Hutchinson,1
1981/82,21,Owen Brown,1
1981/82,22,Owen Brown,1
1981/82,23,John Williams,1
1981/82,24,Owen Brown,1
1981/82,26,Bryan Hamilton,1
1981/82,26,Bobby Hutchinson,1
1981/82,28,Bobby Hutchinson,1
1981/82,28,Steve Craven,1
1981/82,29,John Kerr,2
1981/82,29,Steve Craven,1
1981/82,30,John Williams,1
1981/82,30,Bobby Hutchinson,1
1981/82,30,John Kerr,1
1981/82,33,John Kerr,1
1981/82,34,John Bramhall,1
1981/82,35,John Kerr,1
1981/82,35,Steve Craven,1
1981/82,36,John Bramhall,1
1981/82,37,John Kerr,1
1981/82,39,John Kerr,1
1981/82,39,Steve Craven,1
1981/82,40,John Kerr,1
1981/82,43,John Kerr,2
1981/82,44,John Williams,1
1981/82,45,John Kerr,2
1981/82,46,Ian Griffiths,1
1981/82,47,David Burgess,1
1981/82,47,John Kerr,1
1981/82,47,Steve Craven,1
1981/82,48,Steve Craven,1
1981/82,50,John Williams,1
1981/82,51,Steve Craven,1
1981/82,51,Mark Ferguson,1
1981/82,52,Bobby Hutchinson,1
1981/82,52,Owen Brown,1
1981/82,53,Brian Morley,1
1981/82,54,Steve Craven,2
1982/83,2,Bobby Hutchinson,1
1982/83,3,Bryan Hamilton,1
1982/83,3,John Kerr,1
1982/83,4,Bryan Hamilton,1
1982/83,4,Neville Powell,1
1982/83,4,Bobby Hutchinson,1
1982/83,5,Bryan Hamilton,1
1982/83,7,Ian Griffiths,1
1982/83,11,Owen Brown,1
1982/83,13,Bryan Hamilton,1
1982/83,14,Bobby Hutchinson,1
1982/83,14,Owen Brown,1
1982/83,15,Owen Brown,1
1982/83,16,John Aspinall,1
1982/83,18,John Kerr,1
1982/83,18,Owen Brown,1
1982/83,20,Steve Mungall,1
1982/83,20,John Kerr,1
1982/83,21,John Kerr,1
1982/83,21,Owen Brown,3
1982/83,22,Mark Ferguson,1
1982/83,22,John Aspinall,1
1982/83,23,OG,1
1982/83,24,Owen Brown,1
1982/83,25,John Aspinall,1
1982/83,25,Ian Griffiths,1
1982/83,26,Mark Ferguson,2
1982/83,27,Ian Griffiths,1
1982/83,27,Neville Powell,1
1982/83,28,Owen Brown,2
1982/83,29,John Aspinall,1
1982/83,30,Mark Ferguson,1
1982/83,30,John Kerr,1
1982/83,33,Mark Ferguson,1
1982/83,33,Owen Brown,1
1982/83,34,Ian Griffiths,1
1982/83,35,Gavin Oliver,1
1982/83,35,John Aspinall,1
1982/83,35,John Kerr,1
1982/83,36,John Kerr,1
1982/83,38,Barry Wellings,1
1982/83,38,Owen Brown,1
1982/83,40,John Aspinall,1
1982/83,40,Barry Wellings,1
1982/83,42,Mark Ferguson,1
1982/83,44,Mark Ferguson,1
1982/83,44,Owen Brown,1
1982/83,45,John Aspinall,1
1982/83,45,Owen Brown,1
1982/83,45,Ian Griffiths,1
1982/83,46,Owen Brown,1
1982/83,49,John Kerr,1
1982/83,50,John Kerr,1
1982/83,52,Owen Brown,1
1982/83,53,Barry Wellings,1
1983/84,1,John Aspinall,1
1983/84,3,Mark Palios,1
1983/84,5,John Aspinall,1
1983/84,5,Mark Hilditch,1
1983/84,9,Mark Ferguson,1
1983/84,9,Gary Williams,1
1983/84,10,John Aspinall,1
1983/84,11,Owen Brown,1
1983/84,12,Gary Williams,1
1983/84,12,OG,1
1983/84,13,Mark Ferguson,1
1983/84,13,OG,1
1983/84,15,Mark Hilditch,1
1983/84,17,Dave Philpotts,1
1983/84,17,Gary Williams,1
1983/84,18,Mark Ferguson,1
1983/84,18,John Aspinall,1
1983/84,19,John Aspinall,1
1983/84,19,Neville Powell,1
1983/84,20,Mark Allen,1
1983/84,21,Ray Mathias,1
1983/84,21,John Aspinall,1
1983/84,22,Mark Palios,1
1983/84,22,John Williams,1
1983/84,22,Mark Ferguson,1
1983/84,23,Mark Hilditch,1
1983/84,24,John Aspinall,2
1983/84,24,OG,1
1983/84,25,Dave Philpotts,1
1983/84,26,John Aspinall,2
1983/84,28,John Aspinall,1
1983/84,28,Mark Hilditch,2
1983/84,29,Dave Philpotts,1
1983/84,32,Dave Philpotts,1
1983/84,34,John Aspinall,1
1983/84,35,Mark Hilditch,1
1983/84,35,Bobby Hutchinson,1
1983/84,37,OG,1
1983/84,38,Mark Palios,1
1983/84,38,John Aspinall,1
1983/84,38,Bobby Hutchinson,1
1983/84,39,Neville Powell,1
1983/84,39,John Aspinall,1
1983/84,39,Mark Hilditch,1
1983/84,40,Mark Hilditch,3
1983/84,40,Ronnie Goodlass,1
1983/84,41,Mark Hilditch,1
1983/84,41,Bobby Hutchinson,2
1983/84,43,Bobby Hutchinson,1
1983/84,44,John Aspinall,1
1983/84,45,Mark Palios,1
1983/84,47,Dave Philpotts,1
1983/84,47,Mark Hilditch,1
1983/84,48,Mark Hilditch,1
1983/84,51,Dave Philpotts,1
1983/84,51,Ray Woods,1
1983/84,53,Ray Woods,1
1983/84,54,Bobby Hutchinson,1
1983/84,55,Dave Philpotts,1
1985/86,1,Frank Worthington,1
1985/86,2,Frank Worthington,3
1985/86,2,John Clayton,3
1985/86,3,John Clayton,1
1985/86,3,Doug Anderson,1
1985/86,4,Frank Worthington,1
1985/86,5,Frank Worthington,1
1985/86,5,Doug Anderson,1
1985/86,7,OG,1
1985/86,8,Nick Sinclair,1
1985/86,8,Ian Muir,1
1985/86,8,Frank Worthington,1
1985/86,9,Frank Worthington,1
1985/86,10,Frank Worthington,2
1985/86,10,Ian Muir,1
1985/86,12,Johnny Morrissey,1
1985/86,12,Frank Worthington,1
1985/86,13,Johnny Morrissey,1
1985/86,14,Ian Muir,1
1985/86,14,Doug Anderson,1
1985/86,15,Billy Rodaway,1
1985/86,16,Billy Rodaway,1
1985/86,16,Ian Muir,1
1985/86,17,Johnny Morrissey,1
1985/86,17,Frank Worthington,2
1985/86,17,Ian Muir,4
1985/86,18,Dave Miller,1
1985/86,19,Billy Rodaway,1
1985/86,19,Frank Worthington,1
1985/86,20,Ian Muir,1
1985/86,20,Doug Anderson,1
1985/86,21,Billy Rodaway,1
1985/86,21,Frank Worthington,1
1985/86,22,Ian Muir,1
1985/86,24,Gary Williams,1
1985/86,24,Billy Ashcroft,1
1985/86,25,Johnny Morrissey,1
1985/86,26,Doug Anderson,1
1985/86,27,Gary Williams,1
1985/86,27,Johnny Morrissey,1
1985/86,27,Doug Anderson,1
1985/86,27,Billy Ashcroft,1
1985/86,28,Frank Worthington,1
1985/86,28,Liam Robinson,1
1985/86,29,Gary Williams,1
1985/86,29,Doug Anderson,1
1985/86,30,Steve Edwards,1
1985/86,30,Liam Robinson,2
1985/86,33,Johnny Morrissey,1
1985/86,33,Doug Anderson,1
1985/86,34,Steve Mungall,1
1985/86,34,Mark Hilditch,1
1985/86,35,Doug Anderson,2
1985/86,37,Ian Muir,1
1985/86,38,Dave Miller,1
1985/86,38,Gary Williams,1
1985/86,40,Doug Anderson,1
1985/86,41,Ian Muir,1
1985/86,42,Mark Hughes,1
1985/86,44,Ian Muir,1
1985/86,45,Billy Rodaway,1
1985/86,46,Frank Worthington,1
1985/86,46,Ian Muir,1
1985/86,48,Ian Muir,1
1985/86,49,Mark Hilditch,1
1985/86,50,Frank Worthington,2
1985/86,51,Frank Worthington,1
1985/86,52,Johnny Morrissey,1
1985/86,52,Steve Edwards,1
1985/86,52,Doug Anderson,2
1985/86,53,Gary Williams,1
1985/86,55,Mark Hilditch,1
1986/87,1,Ian Muir,1
1986/87,2,Frank Worthington,1
1986/87,3,Frank Worthington,1
1986/87,3,Ian Muir,1
1986/87,4,Steve Mungall,1
1986/87,4,Steve Vickers,2
1986/87,5,Mark Hughes,1
1986/87,5,Ian Muir,1
1986/87,5,Doug Anderson,1
1986/87,6,Johnny Morrissey,2
1986/87,8,Johnny Morrissey,1
1986/87,9,Gary Williams,1
1986/87,9,Johnny Morrissey,1
1986/87,10,Ian Muir,2
1986/87,11,Ian Muir,2
1986/87,12,Steve Vickers,1
1986/87,14,Ronnie Moore,1
1986/87,15,Ian Muir,1
1986/87,16,Ian Muir,1
1986/87,17,Johnny Morrissey,1
1986/87,18,Adrian Thorpe,1
1986/87,19,Ian Muir,3
1986/87,20,Ian Muir,1
1986/87,20,Adrian Thorpe,2
1986/87,21,Steve Vickers,1
1986/87,22,Graham Bell,1
1986/87,22,Ian Muir,1
1986/87,25,Ronnie Moore,1
1986/87,27,Ronnie Moore,2
1986/87,27,Ian Muir,1
1986/87,28,Ian Muir,2
1986/87,29,Frank Worthington,1
1986/87,30,Frank Worthington,1
1986/87,32,Ian Muir,2
1986/87,33,Ian Muir,1
1986/87,34,Johnny Morrissey,1
1986/87,35,Ian Muir,1
1986/87,36,Steve Vickers,1
1986/87,36,Ian Muir,1
1986/87,37,Graham Bell,1
1986/87,37,Ian Muir,1
1986/87,38,Johnny Morrissey,1
1986/87,38,Doug Anderson,1
1986/87,40,Ronnie Moore,1
1986/87,40,Graham Bell,1
1986/87,40,Ian Muir,1
1986/87,42,Graham Bell,1
1986/87,42,Ineil Horwood,1
1986/87,45,Gary Williams,1
1986/87,47,Ronnie Moore,1
1986/87,48,Steve Bullock,1
1986/87,50,Chris Camden,1
1986/87,51,Ian Muir,1
1986/87,52,Gary Williams,1
1987/88,2,Steve Mungall,1
1987/88,4,Andy Thorpe,1
1987/88,5,Kenny McKenna,1
1987/88,5,Ian Muir,1
1987/88,6,Mark McCarrick,1
1987/88,6,OG,1
1987/88,10,Kenny McKenna,1
1987/88,13,Steve Vickers,1
1987/88,13,Johnny Morrissey,1
1987/88,13,Jimmy Harvey,1
1987/88,13,Ian Muir,3
1987/88,16,John Aspinall,1
1987/88,17,Johnny Morrissey,1
1987/88,17,Ian Muir,1
1987/88,18,Ronnie Moore,1
1987/88,21,Dave Martindale,1
1987/88,22,Dave Martindale,1
1987/88,22,Ian Muir,1
1987/88,23,Ian Muir,1
1987/88,24,Dave Martindale,1
1987/88,24,OG,1
1987/88,25,Jim Steel,1
1987/88,25,Ian Muir,2
1987/88,25,Eddie Murray,1
1987/88,26,Kenny McKenna,1
1987/88,27,Jimmy Harvey,1
1987/88,27,Jim Steel,1
1987/88,30,Dave Martindale,1
1987/88,30,Johnny Morrissey,1
1987/88,30,Ian Muir,1
1987/88,31,Mark McCarrick,1
1987/88,31,Jim Steel,1
1987/88,31,Ian Muir,2
1987/88,32,Dave Martindale,1
1987/88,33,Ian Muir,1
1987/88,34,Johnny Morrissey,1
1987/88,34,Ian Muir,1
1987/88,35,Ian Muir,1
1987/88,36,Ian Muir,1
1987/88,37,Ian Muir,1
1987/88,38,Ian Muir,1
1987/88,39,Jimmy Harvey,1
1987/88,39,OG,1
1987/88,41,Mark McCarrick,1
1987/88,41,Jim Steel,1
1987/88,41,Ian Muir,1
1987/88,43,Ian Muir,1
1987/88,44,Mark McCarrick,1
1987/88,44,Jim Steel,1
1987/88,44,Ian Muir,1
1987/88,46,Jim Steel,1
1987/88,46,Ian Muir,2
1987/88,47,Mark McCarrick,1
1987/88,47,Ian Muir,1
1987/88,48,Ian Muir,1
1987/88,49,Ian Muir,2
1987/88,50,Eddie Bishop,1
1987/88,50,Ian Muir,2
1987/88,51,Dave Higgins,1
1987/88,51,Jim Steel,1
1988/89,2,Ian Muir,1
1988/89,4,Ian Muir,1
1988/89,5,Jim Steel,1
1988/89,6,Ian Muir,1
1988/89,7,Eddie Bishop,1
1988/89,8,Dave Higgins,1
1988/89,8,Ian Muir,2
1988/89,10,Jim Steel,1
1988/89,10,Ian Muir,1
1988/89,13,Mark Hughes,1
1988/89,15,Eddie Bishop,1
1988/89,15,Jimmy Harvey,2
1988/89,16,Ian Muir,1
1988/89,17,Jim Steel,1
1988/89,17,Ian Muir,1
1988/89,18,Eddie Bishop,1
1988/89,19,Eddie Bishop,1
1988/89,19,Johnny Morrissey,1
1988/89,20,Ian Muir,1
1988/89,21,Eddie Bishop,1
1988/89,22,OG,1
1988/89,23,Ian Muir,3
1988/89,24,Ian Muir,1
1988/89,26,Mark McCarrick,1
1988/89,26,Johnny Morrissey,1
1988/89,27,Jim Steel,1
1988/89,27,Steve Mungall,1
1988/89,28,Jim Steel,1
1988/89,28,Ian Muir,1
1988/89,29,Ian Muir,1
1988/89,30,Ian Muir,2
1988/89,32,OG,1
1988/89,33,Dave Martindale,1
1988/89,33,Jim Steel,1
1988/89,34,Steve Vickers,1
1988/89,35,Ian Muir,1
1988/89,36,Mark McCarrick,1
1988/89,36,Steve Vickers,1
1988/89,36,Jimmy Harvey,1
1988/89,38,Eddie Bishop,1
1988/89,39,Johnny Morrissey,1
1988/89,40,Chris Malkin,1
1988/89,41,Eddie Bishop,1
1988/89,41,Steve Vickers,1
1988/89,42,Ian Muir,1
1988/89,44,Ian Muir,1
1988/89,45,Jim Steel,1
1988/89,45,Ian Muir,1
1988/89,46,Chris Malkin,1
1988/89,47,Chris Malkin,2
1988/89,47,OG,1
1988/89,49,Ian Muir,2
1988/89,50,Eddie Bishop,2
1988/89,51,Jimmy Harvey,1
1988/89,51,Jim Steel,1
1988/89,51,Steve Mungall,1
1988/89,52,Tony Thomas,1
1988/89,52,Steve Vickers,1
1988/89,53,Tony Thomas,1
1988/89,54,Johnny Morrissey,1
1988/89,54,Ian Muir,1
1988/89,55,Jim Steel,1
1988/89,55,Ian Muir,1
1988/89,56,Ian Muir,1
1988/89,57,Ian Muir,1
1988/89,59,Mark McCarrick,1
1988/89,59,Mark Hughes,1
1988/89,59,Ian Muir,1
1988/89,60,Ian Muir,1
1989/90,1,Eddie Bishop,1
1989/90,1,Chris Malkin,1
1989/90,2,Eddie Bishop,1
1989/90,2,Chris Malkin,2
1989/90,2,Ian Muir,1
1989/90,3,Mark McCarrick,1
1989/90,3,Johnny Morrissey,1
1989/90,3,Jimmy Harvey,1
1989/90,4,Chris Malkin,1
1989/90,4,Ian Muir,2
1989/90,6,Chris Malkin,1
1989/90,6,David Fairclough,1
1989/90,7,Ian Muir,1
1989/90,8,Ian Muir,1
1989/90,9,Dave Higgins,1
1989/90,9,Johnny Morrissey,1
1989/90,9,Chris Malkin,1
1989/90,9,Ian Muir,1
1989/90,10,Mark Hughes,1
1989/90,10,Ian Muir,2
1989/90,11,Johnny Morrissey,1
1989/90,11,Chris Malkin,2
1989/90,11,Ian Muir,1
1989/90,11,Eddie Bishop,2
1989/90,12,Chris Malkin,1
1989/90,13,Chris Malkin,1
1989/90,13,Ian Muir,2
1989/90,15,Ian Muir,1
1989/90,17,Mark McCarrick,1
1989/90,17,Eddie Bishop,1
1989/90,17,Jim Steel,1
1989/90,18,Ian Muir,1
1989/90,19,Mark Hughes,1
1989/90,20,Jimmy Harvey,2
1989/90,20,Jim Steel,1
1989/90,20,Ian Muir,1
1989/90,21,Ian Muir,1
1989/90,22,Mark McCarrick,1
1989/90,22,Eddie Bishop,1
1989/90,24,Steve Vickers,1
1989/90,24,Jim Steel,1
1989/90,25,Dave Martindale,1
1989/90,25,Steve Vickers,1
1989/90,25,OG,1
1989/90,27,Dave Martindale,1
1989/90,27,Chris Malkin,1
1989/90,28,Ian Muir,1
1989/90,30,Jimmy Harvey,1
1989/90,30,Jim Steel,1
1989/90,32,Ian Muir,1
1989/90,33,Mark McCarrick,1
1989/90,33,Chris Malkin,1
1989/90,35,Johnny Morrissey,2
1989/90,38,Neil McNab,1
1989/90,38,Johnny Morrissey,1
1989/90,38,Ian Muir,1
1989/90,39,Neil McNab,1
1989/90,39,Mark Hughes,1
1989/90,39,Jim Steel,1
1989/90,39,Ian Muir,1
1989/90,39,Chris Malkin,1
1989/90,40,Jimmy Harvey,1
1989/90,40,Jim Steel,1
1989/90,40,Ian Muir,1
1989/90,41,Chris Malkin,1
1989/90,41,Ian Muir,1
1989/90,42,Jim Steel,1
1989/90,42,Ian Muir,1
1989/90,43,Mark McCarrick,1
1989/90,43,Steve Vickers,1
1989/90,43,Chris Malkin,2
1989/90,44,Eddie Bishop,2
1989/90,44,Mark Hughes,1
1989/90,44,Ian Muir,1
1989/90,45,Mark McCarrick,1
1989/90,45,Eddie Bishop,1
1989/90,45,Ian Muir,1
1989/90,46,Ian Muir,1
1989/90,46,Tony Thomas,1
1989/90,47,Chris Malkin,1
1989/90,47,Ian Muir,1
1989/90,48,Chris Malkin,1
1989/90,49,Chris Malkin,2
1989/90,51,Chris Malkin,1
1989/90,51,Jimmy Harvey,1
1989/90,51,Tony Thomas,1
1989/90,52,Ian Muir,1
1989/90,53,Jim Steel,1
1989/90,53,Ian Muir,1
1989/90,54,Steve Vickers,1
1989/90,54,Jimmy Harvey,1
1989/90,54,OG,1
1989/90,55,Ian Muir,1
1989/90,56,Steve Mungall,1
1989/90,56,Ian Muir,1
1989/90,57,Chris Malkin,1
1989/90,57,Ian Muir,1
1989/90,58,Ian Muir,1
1989/90,59,Chris Malkin,1
1989/90,61,Steve Mungall,1
1989/90,61,Ian Muir,1
1989/90,63,Chris Malkin,1
1989/90,63,Ian Muir,1
1989/90,64,Jim Steel,1
1989/90,64,Ian Muir,1
1990/91,1,Ian Muir,2
1990/91,2,Steve Vickers,1
1990/91,3,Ian Muir,1
1990/91,4,Jim Steel,1
1990/91,5,Johnny Morrissey,2
1990/91,5,Jim Steel,1
1990/91,5,Ian Muir,1
1990/91,6,Jimmy Harvey,1
1990/91,7,Mark Hughes,1
1990/91,7,Ian Muir,2
1990/91,8,Neil McNab,2
1990/91,8,Ian Muir,1
1990/91,9,Johnny Morrissey,1
1990/91,10,Neil McNab,1
1990/91,11,Mark Hughes,1
1990/91,13,Mark McCarrick,1
1990/91,13,Eddie Bishop,3
1990/91,13,Jim Steel,1
1990/91,13,Chris Malkin,1
1990/91,14,Mark McCarrick,1
1990/91,14,Chris Malkin,1
1990/91,18,Jim Steel,1
1990/91,19,Johnny Morrissey,1
1990/91,19,Jim Steel,1
1990/91,20,Dave Higgins,1
1990/91,20,Jimmy Harvey,1
1990/91,21,Johnny Morrissey,1
1990/91,21,Jim Steel,1
1990/91,21,Ian Muir,2
1990/91,22,Jimmy Harvey,1
1990/91,23,Steve Vickers,1
1990/91,23,Kenny Irons,1
1990/91,25,Kenny Irons,1
1990/91,26,Jim Steel,1
1990/91,27,Dave Higgins,1
1990/91,28,Ian Muir,1
1990/91,28,Tony Thomas,1
1990/91,28,Johnny Morrissey,1
1990/91,29,Jim Steel,1
1990/91,29,Kenny Irons,1
1990/91,30,Ged Brannan,1
1990/91,31,Johnny Morrissey,1
1990/91,31,Jim Steel,2
1990/91,32,Kenny Irons,1
1990/91,32,Ian Muir,1
1990/91,33,Ian Muir,1
1990/91,33,Tony Thomas,1
1990/91,35,Ian Muir,2
1990/91,36,OG,1
1990/91,37,Jim Steel,1
1990/91,37,Ian Muir,2
1990/91,38,Kenny Irons,1
1990/91,39,Steve Mungall,1
1990/91,40,Tony Thomas,1
1990/91,41,Jimmy Harvey,1
1990/91,41,Ian Muir,3
1990/91,43,Ian Muir,1
1990/91,44,Ian Muir,1
1990/91,44,Johnny Morrissey,1
1990/91,45,Shaun Garnett,1
1990/91,46,Johnny Morrissey,1
1990/91,46,Chris Malkin,1
1990/91,47,Tony Thomas,1
1990/91,48,Kenny Irons,1
1990/91,48,Chris Malkin,1
1990/91,50,Johnny Morrissey,1
1990/91,53,Johnny Morrissey,1
1990/91,54,Johnny Morrissey,1
1990/91,54,Jim Steel,1
1990/91,55,Steve Vickers,1
1990/91,55,Steve Cooper,1
1990/91,56,Kenny Irons,1
1990/91,56,OG,1
1990/91,57,Steve Cooper,1
1990/91,58,Steve Cooper,2
1990/91,59,Ged Brannan,1
1990/91,60,Jim Steel,1
1990/91,60,Steve Cooper,1
1990/91,61,Chris Malkin,1
1991/92,1,John Aldridge,2
1991/92,2,Kenny Irons,1
1991/92,2,John Aldridge,3
1991/92,3,John Aldridge,1
1991/92,3,Jim Steel,1
1991/92,4,John Aldridge,2
1991/92,4,Jim Steel,2
1991/92,5,John Aldridge,1
1991/92,5,Tony Thomas,1
1991/92,6,Mark Hughes,1
1991/92,6,Chris Malkin,1
1991/92,7,Steve Vickers,1
1991/92,7,Chris Malkin,1
1991/92,7,Tony Thomas,1
1991/92,8,Ged Brannan,1
1991/92,8,Kenny Irons,1
1991/92,10,Dave Higgins,1
1991/92,10,John Aldridge,1
1991/92,11,John Aldridge,1
1991/92,13,John Aldridge,3
1991/92,13,Jim Steel,1
1991/92,13,Dave Martindale,1
1991/92,13,Neil McNab,1
1991/92,14,Jim Steel,1
1991/92,15,John Aldridge,1
1991/92,15,Jim Steel,1
1991/92,15,Chris Malkin,1
1991/92,17,John Aldridge,1
1991/92,18,John Aldridge,3
1991/92,18,Jim Steel,1
1991/92,18,Dave Martindale,1
1991/92,19,Jim Steel,1
1991/92,20,John Aldridge,1
1991/92,21,John Aldridge,1
1991/92,22,Kenny Irons,1
1991/92,22,John Aldridge,1
1991/92,23,John Aldridge,1
1991/92,24,Kenny Irons,1
1991/92,24,John Aldridge,2
1991/92,26,John Aldridge,1
1991/92,28,Johnny Morrissey,1
1991/92,30,Steve Cooper,1
1991/92,31,Kenny Irons,1
1991/92,31,John Aldridge,1
1991/92,32,Kenny Irons,1
1991/92,33,John Aldridge,1
1991/92,35,Chris Malkin,1
1991/92,37,Ian Muir,1
1991/92,38,Johnny Morrissey,1
1991/92,40,Johnny Morrissey,2
1991/92,40,John Aldridge,1
1991/92,40,Chris Malkin,1
1991/92,41,John Aldridge,1
1991/92,44,Jimmy Harvey,1
1991/92,44,John Aldridge,1
1991/92,45,Johnny Morrissey,1
1991/92,45,John Aldridge,2
1991/92,46,Kenny Irons,1
1991/92,46,John Aldridge,3
1991/92,49,Ian Muir,1
1991/92,50,Ian Nolan,1
1991/92,50,Jim Steel,1
1991/92,51,Johnny Morrissey,1
1991/92,51,John Aldridge,2
1991/92,52,Kenny Irons,1
1991/92,52,Tony Thomas,1
1991/92,53,Ian Muir,1
1991/92,55,Ian Muir,1
1991/92,56,Kenny Irons,1
1991/92,56,Ian Muir,1
1991/92,57,Kenny Irons,1
1991/92,58,John Aldridge,1
1991/92,59,John Aldridge,1
1992/93,1,John Aldridge,1
1992/93,1,Chris Malkin,1
1992/93,2,Shaun Garnett,1
1992/93,2,John Aldridge,2
1992/93,5,Shaun Garnett,1
1992/93,5,Ian Muir,1
1992/93,7,John Aldridge,1
1992/93,7,Pat Nevin,1
1992/93,7,Ian Muir,1
1992/93,8,Pat Nevin,1
1992/93,9,John Aldridge,2
1992/93,11,Johnny Morrissey,1
1992/93,11,Pat Nevin,1
1992/93,12,Ged Brannan,1
1992/93,12,Steve Mungall,1
1992/93,12,John Aldridge,1
1992/93,13,John Aldridge,2
1992/93,13,Pat Nevin,1
1992/93,15,Kenny Irons,1
1992/93,15,Steve Mungall,1
1992/93,15,John Aldridge,2
1992/93,16,Johnny Morrissey,1
1992/93,16,OG,1
1992/93,17,Chris Malkin,1
1992/93,18,Johnny Morrissey,1
1992/93,18,John Aldridge,1
1992/93,18,Neil McNab,1
1992/93,19,Pat Nevin,1
1992/93,21,Kenny Irons,1
1992/93,21,Pat Nevin,2
1992/93,23,Chris Malkin,1
1992/93,24,John Aldridge,2
1992/93,25,Kenny Irons,1
1992/93,25,John Aldridge,3
1992/93,25,Chris Malkin,1
1992/93,26,Kenny Irons,1
1992/93,27,Kenny Irons,1
1992/93,27,Johnny Morrissey,1
1992/93,28,John Aldridge,3
1992/93,29,Johnny Morrissey,1
1992/93,30,Steve Mungall,1
1992/93,31,John Aldridge,1
1992/93,31,Pat Nevin,1
1992/93,32,John Aldridge,1
1992/93,32,Pat Nevin,1
1992/93,33,Steve Vickers,1
1992/93,33,Johnny Morrissey,2
1992/93,34,Dave Higgins,1
1992/93,34,John Aldridge,2
1992/93,34,OG,1
1992/93,35,Pat Nevin,1
1992/93,36,Dave Higgins,1
1992/93,37,Neil McNab,1
1992/93,42,Chris Malkin,2
1992/93,42,Pat Nevin,1
1992/93,43,Pat Nevin,1
1992/93,44,Johnny Morrissey,1
1992/93,44,Chris Malkin,1
1992/93,48,Dave Martindale,1
1992/93,48,Tommy Coyne,1
1992/93,49,Pat Nevin,2
1992/93,50,Kenny Irons,3
1992/93,52,Dave Higgins,1
1992/93,52,Kenny Irons,1
1992/93,53,Dave Higgins,1
1992/93,53,Mark Proctor,1
1992/93,55,John Aldridge,2
1992/93,56,Dave Martindale,1
1992/93,56,Pat Nevin,1
1992/93,57,Chris Malkin,1
1992/93,58,Johnny Morrissey,1
1992/93,59,Kenny Irons,1
1992/93,59,Mark Proctor,1
1992/93,59,Pat Nevin,1
1993/94,2,Chris Malkin,1
1993/94,3,Ged Brannan,1
1993/94,6,John Aldridge,1
1993/94,6,Ian Muir,1
1993/94,6,Jon Kenworthy,1
1993/94,7,Chris Malkin,1
1993/94,8,Ian Muir,1
1993/94,8,Tony Thomas,1
1993/94,9,John Aldridge,1
1993/94,9,Ian Muir,1
1993/94,9,Ged Brannan,1
1993/94,9,Tony Thomas,1
1993/94,11,John Aldridge,2
1993/94,11,Pat Nevin,3
1993/94,12,Ged Brannan,1
1993/94,12,Pat Nevin,1
1993/94,13,Jon Kenworthy,1
1993/94,13,Ian Muir,1
1993/94,14,Kenny Irons,1
1993/94,15,Chris Malkin,1
1993/94,15,Pat Nevin,1
1993/94,16,Chris Malkin,1
1993/94,17,Ged Brannan,1
1993/94,17,Pat Nevin,1
1993/94,18,Kenny Irons,1
1993/94,18,Steve Vickers,1
1993/94,18,John Aldridge,2
1993/94,20,Ian Muir,2
1993/94,20,Pat Nevin,1
1993/94,22,John Aldridge,1
1993/94,22,Pat Nevin,2
1993/94,22,Johnny Morrissey,1
1993/94,23,Gary Jones,1
1993/94,24,John Aldridge,2
1993/94,24,Chris Malkin,1
1993/94,25,Ged Brannan,2
1993/94,25,John Aldridge,1
1993/94,26,John Aldridge,1
1993/94,26,Pat Nevin,1
1993/94,27,John Aldridge,1
1993/94,29,Kenny Irons,1
1993/94,31,Ged Brannan,1
1993/94,31,Chris Malkin,1
1993/94,34,John Aldridge,1
1993/94,35,Chris Malkin,1
1993/94,36,Chris Malkin,1
1993/94,37,Pat Nevin,1
1993/94,37,Tony Thomas,1
1993/94,39,Ged Brannan,1
1993/94,39,John Aldridge,1
1993/94,39,Chris Malkin,1
1993/94,40,Ian Nolan,1
1993/94,40,Mark Hughes,1
1993/94,40,John Aldridge,1
1993/94,41,John McGreal,1
1993/94,42,John Aldridge,1
1993/94,43,Chris Malkin,1
1993/94,45,John Aldridge,2
1993/94,47,John Aldridge,1
1993/94,48,Ged Brannan,1
1993/94,48,Liam O'Brien,1
1993/94,48,John Aldridge,2
1993/94,49,John Aldridge,1
1993/94,50,Ged Brannan,1
1993/94,50,Shaun Garnett,1
1993/94,50,John Aldridge,1
1993/94,50,Pat Nevin,1
1993/94,51,John Aldridge,1
1993/94,51,Gary Jones,1
1993/94,53,Shaun Garnett,1
1993/94,53,Kenny Irons,1
1993/94,53,Ian Muir,1
1993/94,54,John Aldridge,2
1993/94,54,Kenny Irons,1
1993/94,55,Ged Brannan,1
1993/94,55,John Aldridge,1
1993/94,56,John Aldridge,1
1993/94,56,Ian Muir,1
1993/94,57,Ian Muir,1
1993/94,59,Pat Nevin,1
1994/95,2,John Aldridge,2
1994/95,2,Pat Nevin,1
1994/95,3,John Aldridge,1
1994/95,3,Chris Malkin,1
1994/95,4,John Aldridge,1
1994/95,5,John Aldridge,3
1994/95,5,Chris Malkin,1
1994/95,6,John Aldridge,1
1994/95,6,Chris Malkin,1
1994/95,9,Liam O'Brien,1
1994/95,10,John Aldridge,1
1994/95,10,Chris Malkin,2
1994/95,11,Ged Brannan,1
1994/95,12,Chris Malkin,1
1994/95,14,John Aldridge,1
1994/95,16,John Aldridge,1
1994/95,17,John Aldridge,3
1994/95,19,John Aldridge,1
1994/95,20,Johnny Morrissey,1
1994/95,21,John Aldridge,4
1994/95,21,Chris Malkin,2
1994/95,23,Kenny Irons,1
1994/95,23,Pat Nevin,1
1994/95,25,Chris Malkin,1
1994/95,26,Ian Muir,2
1994/95,26,Ged Brannan,1
1994/95,27,Kenny Irons,1
1994/95,27,Chris Malkin,1
1994/95,29,Gary Stevens,1
1994/95,29,Steve Mungall,1
1994/95,31,Gary Jones,1
1994/95,31,Chris Malkin,2
1994/95,33,Kenny Irons,1
1994/95,33,Gary Jones,1
1994/95,35,Ian Muir,2
1994/95,37,Liam O'Brien,1
1994/95,37,Ian Muir,1
1994/95,37,Chris Malkin,1
1994/95,38,Ged Brannan,1
1994/95,38,Ian Muir,1
1994/95,38,Chris Malkin,1
1994/95,40,Johnny Morrissey,1
1994/95,40,Chris Malkin,2
1994/95,41,Ian Muir,1
1994/95,41,Gary Jones,1
1994/95,42,Ian Muir,1
1994/95,43,Pat Nevin,1
1994/95,44,Ian Muir,2
1994/95,44,Pat Nevin,1
1994/95,44,John Aldridge,1
1994/95,45,Shaun Garnett,1
1994/95,47,Johnny Morrissey,1
1994/95,47,John Aldridge,1
1994/95,49,Chris Malkin,1
1994/95,50,John Aldridge,2
1994/95,50,Chris Malkin,1
1994/95,50,Kenny Irons,1
1994/95,51,John Aldridge,1
1994/95,52,Pat Nevin,1
1994/95,55,John Aldridge,1
1994/95,56,John Aldridge,1
1994/95,57,Kenny Irons,1
1994/95,58,Chris Malkin,1
1995/96,1,Liam O'Brien,1
1995/96,1,John Aldridge,1
1995/96,2,John Aldridge,2
1995/96,3,Liam O'Brien,1
1995/96,3,John Aldridge,1
1995/96,3,Ian Moore,1
1995/96,4,John Aldridge,1
1995/96,6,John Aldridge,1
1995/96,6,Gary Bennett,1
1995/96,8,John Aldridge,1
1995/96,9,Gary Bennett,1
1995/96,9,Pat Nevin,1
1995/96,10,John Aldridge,1
1995/96,10,Gary Bennett,1
1995/96,11,Ged Brannan,1
1995/96,11,Gary Jones,2
1995/96,12,John Aldridge,1
1995/96,13,Gary Bennett,1
1995/96,13,Ian Moore,1
1995/96,14,Gary Bennett,1
1995/96,14,Ian Moore,2
1995/96,15,Ian Moore,1
1995/96,16,Ian Moore,1
1995/96,17,John Aldridge,2
1995/96,17,Gary Bennett,1
1995/96,17,Ian Moore,1
1995/96,17,Pat Nevin,1
1995/96,18,John Aldridge,1
1995/96,19,Ian Moore,1
1995/96,20,John Aldridge,2
1995/96,22,Gary Jones,1
1995/96,22,Gary Bennett,1
1995/96,23,Ian Moore,1
1995/96,26,John Aldridge,2
1995/96,29,Ian Moore,1
1995/96,30,John Aldridge,1
1995/96,33,John Aldridge,1
1995/96,34,Graham Branch,1
1995/96,35,John Aldridge,1
1995/96,35,Gary Bennett,1
1995/96,37,John Aldridge,1
1995/96,37,Pat Nevin,1
1995/96,38,Alan Rogers,1
1995/96,38,John Aldridge,1
1995/96,39,Graham Branch,1
1995/96,40,John Aldridge,1
1995/96,40,Gary Bennett,1
1995/96,41,John Aldridge,1
1995/96,41,OG,1
1995/96,43,Alan Rogers,1
1995/96,43,John Aldridge,1
1995/96,44,John Aldridge,1
1995/96,45,Paul Cook,1
1995/96,45,John Aldridge,1
1995/96,46,OG,1
1995/96,47,John Aldridge,1
1995/96,47,Liam O'Brien,1
1995/96,47,Kenny Irons,2
1995/96,47,Alan Morgan,1
1995/96,48,Liam O'Brien,1
1995/96,49,John Aldridge,1
1995/96,51,John Aldridge,1
1995/96,51,Kenny Irons,1
1996/97,1,John Morrissey,1
1996/97,2,John Aldridge,1
1996/97,2,Ivano Bonetti,1
1996/97,3,John Aldridge,2
1996/97,3,Kenny Irons,1
1996/97,4,Graham Branch,1
1996/97,4,Alan Mahon,1
1996/97,6,Graham Branch,1
1996/97,7,John Aldridge,1
1996/97,8,John Aldridge,1
1996/97,9,John Aldridge,1
1996/97,10,John Aldridge,1
1996/97,10,John Morrissey,1
1996/97,11,John Aldridge,1
1996/97,11,Graham Branch,1
1996/97,13,John Aldridge,1
1996/97,15,Ivano Bonetti,1
1996/97,15,Graham Branch,2
1996/97,15,Gary Jones,1
1996/97,18,John Aldridge,1
1996/97,18,Ged Brannan,1
1996/97,19,Ged Brannan,1
1996/97,20,John Aldridge,1
1996/97,20,Gary Jones,1
1996/97,20,Alan Mahon,1
1996/97,20,Ian Thomas-Moore,1
1996/97,21,Andy Thorn,1
1996/97,22,John Aldridge,1
1996/97,23,Dave Higgins,1
1996/97,24,John Aldridge,2
1996/97,24,Ged Brannan,1
1996/97,29,Ged Brannan,1
1996/97,30,John Aldridge,2
1996/97,31,Pat Nevin,2
1996/97,33,John Aldridge,1
1996/97,34,Paul Cook,2
1996/97,34,Ian Thomas-Moore,1
1996/97,35,Graham Branch,1
1996/97,35,Ian Thomas-Moore,1
1996/97,36,Kenny Irons,1
1996/97,37,Liam O'Brien,1
1996/97,39,Ged Brannan,2
1996/97,40,John Aldridge,1
1996/97,40,Kenny Irons,1
1996/97,41,Dave Higgins,1
1996/97,42,Gary Jones,1
1996/97,44,John Aldridge,1
1996/97,44,Kenny Irons,1
1996/97,44,Lee Jones,1
1996/97,45,Kenny Irons,1
1996/97,46,Gary Jones,2
1996/97,46,Lee Jones,1
1996/97,47,Paul Cook,1
1996/97,47,Gary Jones,1
1996/97,47,Lee Jones,1
1996/97,49,Lee Jones,1
1996/97,51,John Aldridge,1
1996/97,51,Lee Jones,1
1997/98,1,David Kelly,1
1997/98,2,Lee Jones,1
1997/98,2,David Kelly,1
1997/98,2,John Morrissey,1
1997/98,3,Lee Jones,1
1997/98,3,David Kelly,1
1997/98,4,Lee Jones,1
1997/98,5,Liam O'Brien,1
1997/98,9,Lee Jones,1
1997/98,10,Gary Jones,1
1997/98,10,David Kelly,1
1997/98,11,Gary Jones,1
1997/98,11,Lee Jones,1
1997/98,11,David Kelly,2
1997/98,11,John Morrissey,1
1997/98,11,Andy Thompson,1
1997/98,13,Gary Stevens,1
1997/98,14,Lee Jones,1
1997/98,14,David Kelly,1
1997/98,15,David Kelly,1
1997/98,16,Lee Jones,1
1997/98,16,Andy Thompson,1
1997/98,17,Gary Jones,1
1997/98,18,Graham Branch,1
1997/98,18,Lee Jones,1
1997/98,19,David Kelly,1
1997/98,20,Kenny Irons,1
1997/98,21,Kenny Irons,1
1997/98,22,John Aldridge,1
1997/98,23,John Aldridge,1
1997/98,23,Lee Jones,1
1997/98,23,Liam O'Brien,1
1997/98,25,Lee Jones,1
1997/98,26,John Aldridge,1
1997/98,31,Clint Hill,1
1997/98,31,Gary Jones,2
1997/98,33,Andy Parkinson,1
1997/98,36,Graham Branch,1
1997/98,36,Kenny Irons,1
1997/98,36,David Kelly,1
1997/98,37,Graham Branch,1
1997/98,37,John Morrissey,1
1997/98,37,Andy Thompson,1
1997/98,39,David Kelly,1
1997/98,39,Liam O'Brien,1
1997/98,43,David Kelly,1
1997/98,45,Kenny Irons,1
1997/98,45,Gary Jones,1
1997/98,45,David Kelly,1
1997/98,46,Gary Jones,1
1997/98,46,David Kelly,1
1997/98,46,Micky Mellon,1
1997/98,48,Dave Challinor,1
1997/98,48,Gary Jones,1
1997/98,50,Gary Jones,2
1997/98,50,Micky Mellon,1
1997/98,51,Alan Mahon,1
1997/98,53,Gary Jones,1
1997/98,53,Liam O'Brien,1
1997/98,53,Andy Parkinson,1
1997/98,54,John Aldridge,2
1998/99,2,Kenny Irons,1
1998/99,2,David Kelly,2
1998/99,3,Micky Mellon,1
1998/99,4,Kenny Irons,1
1998/99,6,Andy Parkinson,1
1998/99,8,Jason Koumas,1
1998/99,8,Andy Parkinson,1
1998/99,9,Andy Parkinson,1
1998/99,11,Kenny Irons,1
1998/99,11,Lee Jones,1
1998/99,11,Jason Koumas,1
1998/99,14,Kenny Irons,1
1998/99,14,Gary Jones,1
1998/99,15,Graham Allen,1
1998/99,15,Gary Jones,1
1998/99,16,Kenny Irons,2
1998/99,16,Alan Mahon,1
1998/99,17,Gary Jones,1
1998/99,17,Alan Mahon,1
1998/99,17,Scott Taylor,1
1998/99,18,Kenny Irons,1
1998/99,18,Gary Jones,1
1998/99,18,Alan Mahon,1
1998/99,18,Scott Taylor,1
1998/99,20,Scott Taylor,1
1998/99,21,Clint Hill,1
1998/99,21,Gary Jones,1
1998/99,23,Kenny Irons,2
1998/99,24,Kenny Irons,1
1998/99,25,Graham Allen,1
1998/99,25,Kenny Irons,1
1998/99,26,Clint Hill,1
1998/99,27,Andy Thompson,1
1998/99,28,Kenny Irons,1
1998/99,29,Dave Challinor,1
1998/99,29,Kenny Irons,1
1998/99,30,Scott Taylor,1
1998/99,33,Georges Santos,1
1998/99,34,Alan Mahon,1
1998/99,35,Graham Allen,1
1998/99,35,Lee Jones,1
1998/99,35,Scott Taylor,1
1998/99,36,Scott Taylor,1
1998/99,37,Graham Allen,1
1998/99,37,Dave Challinor,1
1998/99,37,Lee Jones,1
1998/99,39,Graham Allen,1
1998/99,39,Jason Koumas,1
1998/99,39,Liam O'Brien,1
1998/99,39,Scott Taylor,1
1998/99,40,David Kelly,1
1998/99,40,Jason Koumas,1
1998/99,40,Scott Taylor,1
1998/99,43,Clint Hill,1
1998/99,43,Alan Mahon,1
1998/99,45,Kenny Irons,1
1998/99,45,Liam O'Brien,1
1998/99,45,Scott Taylor,1
1998/99,46,David Kelly,1
1998/99,47,Kenny Irons,2
1998/99,48,Kenny Irons,1
1998/99,49,Clint Hill,1
1998/99,49,David Kelly,1
1998/99,50,Alan Mahon,1
1998/99,52,Kenny Irons,1
1998/99,52,David Kelly,1
1999/00,3,Nick Henry,1
1999/00,4,Jason Koumas,1
1999/00,5,David Kelly,2
1999/00,5,Scott Taylor,1
1999/00,7,Steve Yates,1
1999/00,10,David Kelly,3
1999/00,10,Scott Taylor,2
1999/00,11,Dave Challinor,1
1999/00,11,David Kelly,1
1999/00,12,Scott Taylor,1
1999/00,13,Wayne Allison,1
1999/00,13,Georges Santos,1
1999/00,14,Wayne Allison,2
1999/00,15,Clint Hill,1
1999/00,16,Tony Grant,1
1999/00,16,Steve Yates,1
1999/00,17,Alan Mahon,1
1999/00,18,Wayne Allison,2
1999/00,18,Gary Jones,1
1999/00,19,Gary Jones,1
1999/00,19,Andy Parkinson,1
1999/00,20,Andy Parkinson,1
1999/00,20,Gareth Roberts,1
1999/00,21,Wayne Allison,1
1999/00,21,Clint Hill,1
1999/00,22,Alan Mahon,1
1999/00,22,Andy Parkinson,2
1999/00,24,Wayne Allison,1
1999/00,24,Clint Hill,1
1999/00,24,David Kelly,1
1999/00,26,Wayne Allison,1
1999/00,27,Michael Black,1
1999/00,27,Clint Hill,1
1999/00,27,Alan Morgan,1
1999/00,27,Andy Parkinson,1
1999/00,28,Dave Challinor,1
1999/00,28,Andy Parkinson,1
1999/00,28,Scott Taylor,1
1999/00,29,Nick Henry,1
1999/00,30,David Kelly,1
1999/00,30,Andy Parkinson,1
1999/00,31,Wayne Allison,1
1999/00,32,Wayne Allison,1
1999/00,32,Andy Parkinson,1
1999/00,33,Wayne Allison,2
1999/00,33,Clint Hill,1
1999/00,35,Wayne Allison,1
1999/00,36,Clint Hill,1
1999/00,39,Nick Henry,1
1999/00,39,David Kelly,1
1999/00,39,Alan Mahon,1
1999/00,40,Wayne Allison,1
1999/00,40,David Kelly,1
1999/00,41,Scott Taylor,1
1999/00,42,David Kelly,1
1999/00,42,Andy Parkinson,1
1999/00,44,Wayne Allison,1
1999/00,44,Gary Jones,1
1999/00,45,David Kelly,1
1999/00,46,Reuben Hazell,1
1999/00,46,Steve Yates,1
1999/00,47,Wayne Allison,1
1999/00,47,Alan Mahon,1
1999/00,49,Gary Jones,1
1999/00,49,Jason Koumas,1
1999/00,50,Wayne Allison,1
1999/00,52,Wayne Allison,1
1999/00,54,David Kelly,1
1999/00,55,Clint Hill,1
1999/00,56,David Kelly,2
1999/00,58,Alan Mahon,1
1999/00,59,Wayne Allison,1
1999/00,59,Dave Challinor,1
1999/00,60,Scott Taylor,1
2000/01,2,Sean Flynn,1
2000/01,2,Wayne Gill,1
2000/01,2,Clint Hill,1
2000/01,3,Wayne Allison,1
2000/01,3,Wayne Gill,1
2000/01,3,Paul Rideout,1
2000/01,6,Wayne Allison,1
2000/01,6,Wayne Gill,1
2000/01,7,Stuart Barlow,1
2000/01,7,Paul Rideout,1
2000/01,8,Wayne Allison,1
2000/01,8,Stuart Barlow,1
2000/01,10,Scott Taylor,2
2000/01,11,Clint Hill,1
2000/01,13,Scott Taylor,1
2000/01,14,Andy Parkinson,1
2000/01,15,Clint Hill,1
2000/01,15,Jason Koumas,1
2000/01,17,Wayne Allison,1
2000/01,18,Stuart Barlow,1
2000/01,19,Jason Koumas,1
2000/01,19,Scott Taylor,1
2000/01,20,Jason Koumas,1
2000/01,21,Andy Parkinson,2
2000/01,21,Steve Yates,1
2000/01,23,Clint Hill,1
2000/01,23,Scott Taylor,1
2000/01,24,Clint Hill,1
2000/01,24,Jason Koumas,1
2000/01,25,Clint Hill,1
2000/01,27,Andy Parkinson,1
2000/01,28,Jason Koumas,1
2000/01,28,Andy Parkinson,1
2000/01,29,Jason Koumas,1
2000/01,32,Andy Parkinson,1
2000/01,33,Andy Parkinson,1
2000/01,33,Steve Yates,1
2000/01,35,Jason Koumas,1
2000/01,35,Steve Yates,2
2000/01,36,Paul Rideout,1
2000/01,40,Stuart Barlow,1
2000/01,40,Paul Rideout,3
2000/01,41,Wayne Allison,1
2000/01,41,Steve Yates,1
2000/01,42,Andy Parkinson,1
2000/01,43,Wayne Allison,1
2000/01,44,Wayne Allison,1
2000/01,44,Steve Yates,1
2000/01,45,Wayne Allison,1
2000/01,46,Jason Koumas,1
2000/01,46,Scott Taylor,1
2000/01,47,Jason Koumas,1
2000/01,48,Jason Koumas,1
2000/01,49,Simon Osborn,1
2000/01,50,Jason Koumas,1
2000/01,51,Seyni N'Diaye,1
2000/01,54,Andy Parkinson,1
2000/01,55,Steve Yates,1
2000/01,56,Seyni N'Diaye,1
2000/01,57,Micky Mellon,1
2000/01,57,Paul Rideout,1
2001/02,1,Andy Parkinson,1
2001/02,2,Stuart Barlow,1
2001/02,3,Stuart Barlow,1
2001/02,3,Sean Flynn,1
2001/02,3,Nick Henry,1
2001/02,5,Sean Flynn,1
2001/02,5,Clint Hill,1
2001/02,6,Stuart Barlow,1
2001/02,6,Micky Mellon,1
2001/02,8,Stuart Barlow,1
2001/02,8,Sean Flynn,1
2001/02,8,Jason Koumas,1
2001/02,8,Micky Mellon,1
2001/02,9,Graham Allen,1
2001/02,9,Jason Koumas,1
2001/02,10,Stuart Barlow,3
2001/02,10,Jason Koumas,1
2001/02,11,Stuart Barlow,3
2001/02,11,Jason Koumas,1
2001/02,11,Steve Yates,1
2001/02,13,Stuart Barlow,1
2001/02,13,Seyni N'Diaye,1
2001/02,14,Sean Flynn,2
2001/02,14,Andy Parkinson,1
2001/02,14,Steve Yates,1
2001/02,16,Sean Flynn,1
2001/02,17,Nick Henry,1
2001/02,18,Seyni N'Diaye,1
2001/02,19,Paul Rideout,1
2001/02,21,Sean Flynn,1
2001/02,22,Stuart Barlow,1
2001/02,22,Jason Koumas,1
2001/02,23,Sean Flynn,1
2001/02,23,Alan Navarro,1
2001/02,23,Jason Price,2
2001/02,24,Jason Price,1
2001/02,25,Wayne Allison,1
2001/02,25,Clint Hill,1
2001/02,25,Jason Koumas,1
2001/02,25,Alan Navarro,1
2001/02,25,Jason Price,2
2001/02,26,Jason Price,1
2001/02,26,Gareth Roberts,1
2001/02,27,Stuart Barlow,1
2001/02,27,Jason Koumas,3
2001/02,27,Jason Price,1
2001/02,27,Steve Yates,1
2001/02,28,Wayne Allison,2
2001/02,28,Steve Yates,1
2001/02,29,Jason Price,2
2001/02,30,Jason Koumas,1
2001/02,31,Wayne Allison,1
2001/02,31,Sean Flynn,1
2001/02,31,Jason Price,1
2001/02,33,Jason Koumas,1
2001/02,34,Paul Rideout,1
2001/02,35,Sean Flynn,1
2001/02,35,Jason Koumas,1
2001/02,35,Paul Rideout,1
2001/02,38,Paul Rideout,1
2001/02,39,Wayne Allison,1
2001/02,39,Jason Price,1
2001/02,41,Paul Rideout,1
2001/02,43,Stuart Barlow,1
2001/02,45,Simon Haworth,1
2001/02,46,Simon Haworth,1
2001/02,47,Simon Haworth,1
2001/02,50,Stuart Barlow,1
2001/02,50,Sean Thornton,1
2001/02,51,Stuart Barlow,1
2001/02,51,Jason Koumas,1
2001/02,52,Simon Haworth,1
2001/02,53,Stuart Barlow,1
2001/02,53,Simon Haworth,1
2001/02,54,Gareth Roberts,1
2002/03,1,Graham Allen,1
2002/03,1,Simon Haworth,2
2002/03,1,Jason Koumas,1
2002/03,2,Jason Koumas,1
2002/03,3,Stuart Barlow,1
2002/03,5,Kevin Gray,1
2002/03,5,Jason Price,1
2002/03,8,Simon Haworth,1
2002/03,8,Ryan Taylor,1
2002/03,9,Simon Haworth,2
2002/03,9,Jason Price,1
2002/03,12,Simon Haworth,1
2002/03,13,Graham Allen,1
2002/03,14,Alex Hay,1
2002/03,16,Graham Allen,1
2002/03,17,Danny Harrison,1
2002/03,17,Gary Jones,2
2002/03,17,Gareth Roberts,1
2002/03,17,Ryan Taylor,1
2002/03,19,Iain Hume,1
2002/03,20,Gareth Roberts,1
2002/03,21,Gary Jones,1
2002/03,22,Stuart Barlow,2
2002/03,23,Stuart Barlow,1
2002/03,23,Simon Haworth,1
2002/03,24,Stuart Barlow,2
2002/03,24,Simon Haworth,1
2002/03,25,Micky Mellon,1
2002/03,26,Gareth Roberts,1
2002/03,28,Simon Haworth,2
2002/03,28,Alex Hay,1
2002/03,28,Ryan Taylor,1
2002/03,29,Graham Allen,1
2002/03,29,Simon Haworth,1
2002/03,30,Shane Nicholson,1
2002/03,30,Gareth Roberts,1
2002/03,31,Simon Haworth,1
2002/03,31,Gary Jones,2
2002/03,32,Simon Haworth,1
2002/03,33,Simon Haworth,1
2002/03,33,Micky Mellon,1
2002/03,34,Simon Haworth,1
2002/03,35,Simon Haworth,1
2002/03,35,Marvin Robinson,1
2002/03,37,Ian Sharps,1
2002/03,39,Simon Haworth,1
2002/03,40,Iain Hume,2
2002/03,41,Iain Hume,1
2002/03,41,Ian Sharps,1
2002/03,43,Jason Price,1
2002/03,43,Ian Sharps,1
2002/03,44,Simon Haworth,1
2002/03,44,Iain Hume,1
2002/03,44,Gary Jones,1
2002/03,45,Shane Nicholson,1
2002/03,47,Iain Anderson,1
2002/03,47,Iain Hume,1
2002/03,49,Gary Jones,1
2002/03,50,Simon Haworth,1
2002/03,51,Iain Anderson,1
2002/03,51,Simon Haworth,1
2002/03,51,Alex Hay,1
2002/03,51,Shane Nicholson,1
2002/03,52,Simon Haworth,1
2002/03,52,Gary Jones,1
2002/03,52,Jason Price,1
2002/03,53,Simon Haworth,1
2002/03,53,Gary Jones,1
2002/03,53,Shane Nicholson,1
2003/04,1,Simon Haworth,1
2003/04,1,Gary Jones,1
2003/04,1,Shane Nicholson,2
2003/04,2,Eugene Dadi,1
2003/04,4,Gary Jones,1
2003/04,5,Eugene Dadi,1
2003/04,6,Gary Jones,1
2003/04,10,Simon Haworth,2
2003/04,12,Simon Haworth,1
2003/04,13,Eugene Dadi,1
2003/04,14,Chris Dagnall,1
2003/04,16,Iain Hume,1
2003/04,16,Shane Nicholson,1
2003/04,17,Iain Hume,1
2003/04,17,Gareth Roberts,1
2003/04,18,Gary Jones,1
2003/04,19,Simon Haworth,1
2003/04,20,Graham Allen,1
2003/04,21,Eugene Dadi,1
2003/04,21,Iain Hume,1
2003/04,21,Micky Mellon,1
2003/04,23,Iain Hume,1
2003/04,24,Gary Jones,1
2003/04,25,Gary Jones,1
2003/04,26,Eugene Dadi,2
2003/04,27,Ryan Taylor,1
2003/04,28,Simon Haworth,1
2003/04,29,Gary Jones,1
2003/04,29,Ryan Taylor,1
2003/04,30,Simon Haworth,1
2003/04,31,Eugene Dadi,2
2003/04,32,Eugene Dadi,1
2003/04,32,Iain Hume,1
2003/04,34,Micky Mellon,1
2003/04,35,Ryan Taylor,2
2003/04,36,Eugene Dadi,1
2003/04,37,Iain Hume,1
2003/04,38,Iain Hume,1
2003/04,38,Ryan Taylor,1
2003/04,39,Eugene Dadi,2
2003/04,39,Iain Hume,1
2003/04,40,Eugene Dadi,1
2003/04,41,Danny Harrison,1
2003/04,45,Iain Hume,2
2003/04,46,Gary Jones,1
2003/04,48,Eugene Dadi,1
2003/04,49,Eugene Dadi,2
2003/04,49,Iain Hume,2
2003/04,50,Ian Sharps,1
2003/04,52,Gary Jones,1
2003/04,53,Eugene Dadi,2
2003/04,54,David Beresford,1
2003/04,54,Paul Hall,1
2003/04,54,Danny Harrison,1
2003/04,54,Gary Jones,2
2003/04,55,Iain Hume,1
2003/04,55,Ryan Taylor,1
2003/04,56,Paul Hall,1
2003/04,57,Eugene Dadi,1
2003/04,57,Iain Hume,1
2004/05,2,Chris Dagnall,1
2004/05,2,Ryan Taylor,1
2004/05,3,Eugene Dadi,1
2004/05,5,Jason McAteer,1
2004/05,5,Calvin Zola,1
2004/05,6,Iain Hume,1
2004/05,6,Mike Jackson,1
2004/05,6,Ryan Taylor,1
2004/05,6,Calvin Zola,1
2004/05,7,Mike Jackson,1
2004/05,9,Eugene Dadi,1
2004/05,9,Iain Hume,1
2004/05,10,Gareth Roberts,1
2004/05,12,Iain Hume,2
2004/05,13,Ryan Taylor,1
2004/05,14,David Beresford,1
2004/05,14,Iain Hume,2
2004/05,14,Ryan Taylor,1
2004/05,15,Chris Dagnall,1
2004/05,15,Theodore Whitmore,2
2004/05,16,Chris Dagnall,1
2004/05,16,Calvin Zola,1
2004/05,17,Ian Sharps,1
2004/05,18,Iain Hume,1
2004/05,18,Calvin Zola,1
2004/05,19,Paul Hall,2
2004/05,21,Ryan Taylor,1
2004/05,22,Ian Goodison,1
2004/05,23,Paul Hall,1
2004/05,23,Theodore Whitmore,1
2004/05,24,Gareth Roberts,1
2004/05,25,Mike Jackson,1
2004/05,26,Paul Hall,1
2004/05,26,Iain Hume,1
2004/05,27,Eugene Dadi,1
2004/05,28,Iain Hume,1
2004/05,29,Jason McAteer,1
2004/05,29,Ryan Taylor,1
2004/05,30,Iain Hume,1
2004/05,30,Ryan Taylor,1
2004/05,31,Eugene Dadi,1
2004/05,31,Paul Hall,1
2004/05,31,Gary Jones,1
2004/05,31,Jason McAteer,1
2004/05,33,Chris Dagnall,1
2004/05,33,Paul Hall,1
2004/05,33,Iain Hume,1
2004/05,33,Gareth Roberts,1
2004/05,33,Theodore Whitmore,1
2004/05,34,Chris Dagnall,1
2004/05,34,Iain Hume,1
2004/05,35,Paul Hall,1
2004/05,36,Eugene Dadi,1
2004/05,37,Iain Hume,1
2004/05,38,Eugene Dadi,1
2004/05,39,Eugene Dadi,1
2004/05,39,Iain Hume,1
2004/05,39,Gareth Roberts,1
2004/05,40,Paul Hall,1
2004/05,41,Ryan Taylor,1
2004/05,42,Chris Dagnall,1
2004/05,43,Paul Hall,2
2004/05,43,Iain Hume,1
2004/05,43,Jason McAteer,1
2004/05,43,Theodore Whitmore,1
2004/05,44,Eugene Dadi,1
2004/05,44,Mike Jackson,1
2004/05,45,Eugene Dadi,1
2004/05,45,Paul Hall,1
2004/05,46,Iain Hume,1
2004/05,46,Mike Jackson,1
2004/05,47,Jason McAteer,1
2004/05,50,Ryan Taylor,1
2004/05,51,Paul Hall,1
2004/05,52,David Beresford,1
2004/05,54,David Beresford,1
2004/05,54,Ryan Taylor,1
2005/06,2,Chris Greenacre,1
2005/06,2,Iain Hume,1
2005/06,3,Chris Greenacre,2
2005/06,3,Gareth Roberts,1
2005/06,3,Ian Sharps,1
2005/06,5,Ian Sharps,1
2005/06,6,Mike Jackson,1
2005/06,6,Gareth Roberts,1
2005/06,7,Chris Greenacre,1
2005/06,9,Delroy Facey,1
2005/06,9,Chris Greenacre,1
2005/06,10,Delroy Facey,1
2005/06,11,Chris Greenacre,1
2005/06,11,Mike Jackson,1
2005/06,16,Steven Jennings,1
2005/06,16,Mark Rankine,1
2005/06,18,Steve Davies,1
2005/06,18,Steven Jennings,1
2005/06,19,Chris Greenacre,1
2005/06,20,Mike Jackson,1
2005/06,21,Delroy Facey,1
2005/06,21,Chris Greenacre,1
2005/06,22,Delroy Facey,1
2005/06,22,Chris Greenacre,1
2005/06,22,Danny Harrison,1
2005/06,23,Delroy Facey,1
2005/06,23,Simon Francis,1
2005/06,24,Delroy Facey,1
2005/06,25,Delroy Facey,1
2005/06,26,Calvin Zola,1
2005/06,29,Chris Greenacre,3
2005/06,29,Calvin Zola,1
2005/06,30,Chris Greenacre,1
2005/06,30,Danny Harrison,1
2005/06,31,Chris Greenacre,1
2005/06,31,Danny Harrison,1
2005/06,31,Calvin Zola,1
2005/06,36,Delroy Facey,1
2005/06,36,Carl Tremarco,1
2005/06,37,Steven O'Leary,1
2005/06,41,Sam Aiston,1
2005/06,41,Chris Greenacre,1
2005/06,42,Sam Aiston,2
2005/06,42,Chris Greenacre,1
2005/06,42,Steven O'Leary,1
2005/06,43,Chris Greenacre,1
2005/06,44,Ian Goodison,1
2005/06,44,Chris Greenacre,1
2005/06,45,Steve Davies,1
2005/06,45,Steven O'Leary,1
2005/06,45,Calvin Zola,1
2005/06,50,Delroy Facey,1
2006/07,1,Chris Greenacre,1
2006/07,4,Kevin Ellison,1
2006/07,4,John Mullin,1
2006/07,5,Shane Cansdell-Sherriff,1
2006/07,6,Gareth Taylor,1
2006/07,7,Chris Greenacre,2
2006/07,7,Gavin Ward,1
2006/07,8,John Mullin,1
2006/07,9,Kevin Ellison,1
2006/07,10,John Mullin,1
2006/07,10,Gareth Taylor,1
2006/07,10,Calvin Zola,1
2006/07,12,Chris Greenacre,1
2006/07,12,Calvin Zola,1
2006/07,15,Chris Greenacre,1
2006/07,16,Steven Jennings,1
2006/07,16,Chris Shuker,1
2006/07,18,Kevin Ellison,1
2006/07,20,Chris McCready,1
2006/07,20,Chris Shuker,1
2006/07,20,Gareth Taylor,1
2006/07,21,Chris Greenacre,2
2006/07,21,Gareth Taylor,2
2006/07,22,Chris Greenacre,1
2006/07,23,Steve Davies,1
2006/07,23,Chris Greenacre,1
2006/07,24,Shane Cansdell-Sherriff,1
2006/07,25,Shane Cansdell-Sherriff,1
2006/07,26,Chris Shuker,1
2006/07,27,Chris Greenacre,1
2006/07,27,Chris Shuker,1
2006/07,28,Chris Greenacre,2
2006/07,29,Gareth Taylor,1
2006/07,30,Shane Cansdell-Sherriff,1
2006/07,30,Gareth Taylor,1
2006/07,31,John Mullin,1
2006/07,32,Paul McLaren,1
2006/07,33,Gareth Taylor,1
2006/07,34,Gareth Taylor,1
2006/07,37,Chris Greenacre,1
2006/07,38,Chris Shuker,2
2006/07,39,Chris Greenacre,1
2006/07,39,Chris Shuker,1
2006/07,40,Chris Greenacre,1
2006/07,41,Chris Greenacre,1
2006/07,41,John Mullin,1
2006/07,43,Kevin Ellison,1
2006/07,43,Chris Greenacre,2
2006/07,46,Calvin Zola,2
2006/07,47,Craig Carl Curran,1
2006/07,47,Chris Greenacre,1
2006/07,48,Shane Cansdell-Sherriff,1
2006/07,48,Calvin Zola,1
2006/07,50,Danny Harrison,1
2006/07,51,Craig Carl Curran,3
2007/08,1,Chris Greenacre,1
2007/08,3,Steve Davies,1
2007/08,3,Chris Greenacre,1
2007/08,4,Chris Greenacre,1
2007/08,4,Chris Shuker,1
2007/08,5,Steve Davies,1
2007/08,7,Craig Carl Curran,1
2007/08,8,Craig Carl Curran,1
2007/08,8,Anthony Kay,1
2007/08,9,Chris Greenacre,1
2007/08,10,Chris Shuker,1
2007/08,10,Gareth Taylor,1
2007/08,11,Chris Shuker,1
2007/08,12,Ben Chorley,1
2007/08,12,Gareth Taylor,1
2007/08,15,Shane Cansdell-Sherriff,1
2007/08,15,Paul McLaren,1
2007/08,15,Gareth Taylor,1
2007/08,18,Chris Greenacre,1
2007/08,18,Anthony Kay,1
2007/08,21,Chris Greenacre,2
2007/08,21,Steven Jennings,1
2007/08,22,Shane Cansdell-Sherriff,1
2007/08,23,Chris Greenacre,1
2007/08,23,Steven Jennings,1
2007/08,23,Calvin Zola,1
2007/08,26,Anthony Kay,1
2007/08,26,Paul McLaren,1
2007/08,27,Calvin Zola,1
2007/08,28,Chris Greenacre,1
2007/08,28,Paul McLaren,1
2007/08,28,Andy Taylor,1
2007/08,29,Steven Jennings,1
2007/08,29,Gareth Taylor,1
2007/08,33,Anthony Kay,1
2007/08,34,Jennison Myrie-Williams,1
2007/08,34,Calvin Zola,1
2007/08,35,Paul McLaren,1
2007/08,35,Calvin Zola,1
2007/08,36,Jennison Myrie-Williams,1
2007/08,36,Ian Thomas-Moore,1
2007/08,37,Calvin Zola,1
2007/08,39,Andy Taylor,1
2007/08,39,Ian Thomas-Moore,1
2007/08,40,Anthony Kay,1
2007/08,42,Mike Jones,1
2007/08,43,Chris Greenacre,1
2007/08,44,Shane Cansdell-Sherriff,1
2007/08,44,Chris Greenacre,1
2007/08,45,Chris Greenacre,1
2007/08,45,Ian Thomas-Moore,1
2007/08,46,Anthony Kay,1
2007/08,47,Chris Greenacre,1
2007/08,47,Steven Jennings,1
2007/08,48,Jennison Myrie-Williams,1
2007/08,51,Anthony Kay,1
2007/08,52,Chris Greenacre,1
2008/09,1,Bas Savage,1
2008/09,3,Craig Carl Curran,1
2008/09,4,Chris Shuker,1
2008/09,5,Craig Carl Curran,1
2008/09,5,Anthony Kay,1
2008/09,5,Bas Savage,1
2008/09,5,Ian Thomas-Moore,1
2008/09,6,Edrissa Sonko,1
2008/09,8,Ryan Shotton,1
2008/09,8,Edrissa Sonko,1
2008/09,9,Chris Greenacre,2
2008/09,10,Anthony Kay,1
2008/09,10,Ryan Shotton,1
2008/09,10,Andy Taylor,1
2008/09,11,Ryan Shotton,1
2008/09,11,Ian Thomas-Moore,1
2008/09,12,Chris Shuker,1
2008/09,13,Bas Savage,1
2008/09,14,Chris Shuker,1
2008/09,15,Bas Savage,1
2008/09,15,Edrissa Sonko,1
2008/09,16,Steven Jennings,1
2008/09,16,Chris Shuker,1
2008/09,19,Ryan Shotton,1
2008/09,21,Chris Shuker,1
2008/09,22,Bas Savage,1
2008/09,22,Ian Thomas-Moore,1
2008/09,24,Ryan Shotton,1
2008/09,24,Edrissa Sonko,1
2008/09,26,Anthony Kay,1
2008/09,26,Ian Thomas-Moore,1
2008/09,27,Anthony Kay,1
2008/09,29,Ian Thomas-Moore,1
2008/09,30,Anthony Kay,1
2008/09,31,Edrissa Sonko,2
2008/09,32,Ian Goodison,1
2008/09,32,Anthony Kay,1
2008/09,34,Gareth Edds,1
2008/09,34,Steven Jennings,1
2008/09,34,Ian Thomas-Moore,2
2008/09,35,Gareth Edds,1
2008/09,35,Ian Thomas-Moore,1
2008/09,36,Anthony Kay,1
2008/09,38,Ryan Shotton,1
2008/09,39,Ian Thomas-Moore,1
2008/09,40,Charlie Barnett,1
2008/09,41,Terry Gornell,1
2008/09,42,Anthony Kay,1
2008/09,43,Ben Chorley,1
2008/09,44,Bas Savage,1
2008/09,45,Steven Jennings,1
2008/09,45,Anthony Kay,1
2008/09,46,Anthony Kay,2
2008/09,46,Bas Savage,1
2008/09,48,Charlie Barnett,1
2008/09,48,Ian Thomas-Moore,1
2008/09,50,Aaron Cresswell,1
2008/09,50,Ian Thomas-Moore,1
2008/09,51,Bas Savage,1
2008/09,52,Charlie Barnett,1
2008/09,52,Bas Savage,1
2008/09,54,Anthony Kay,1
2008/09,55,Craig Carl Curran,1
2009/10,2,Craig Carl Curran,1
2009/10,2,Gareth Edds,1
2009/10,2,Paul McLaren,1
2009/10,2,Ian Thomas-Moore,1
2009/10,3,Terry Gornell,1
2009/10,3,Ian Thomas-Moore,2
2009/10,3,John Welsh,1
2009/10,9,Alan Mahon,1
2009/10,9,Chris Shuker,1
2009/10,10,Michael Ricketts,1
2009/10,11,John Welsh,1
2009/10,12,Ian Thomas-Moore,1
2009/10,14,Craig Carl Curran,1
2009/10,16,Gareth Edds,1
2009/10,16,John Welsh,1
2009/10,18,Chris Shuker,1
2009/10,19,Chris Shuker,1
2009/10,21,Ash Taylor,1
2009/10,22,Charlie Barnett,1
2009/10,23,Ian Goodison,1
2009/10,23,Terry Gornell,1
2009/10,25,Craig Carl Curran,1
2009/10,25,Michael Ricketts,1
2009/10,25,Ian Thomas-Moore,1
2009/10,26,Craig Carl Curran,1
2009/10,27,Terry Gornell,1
2009/10,27,Ian Thomas-Moore,1
2009/10,29,Craig Carl Curran,1
2009/10,29,Gareth Edds,1
2009/10,34,Ash Taylor,1
2009/10,34,Ian Thomas-Moore,1
2009/10,37,Ian Thomas-Moore,1
2009/10,38,Ian Goodison,1
2009/10,39,Marvin Sordell,1
2009/10,39,Ian Thomas-Moore,1
2009/10,41,Marlon Broomes,1
2009/10,41,Ian Thomas-Moore,1
2009/10,42,John Welsh,1
2009/10,46,Craig Carl Curran,1
2009/10,46,Ian Thomas-Moore,2
2009/10,50,Craig Carl Curran,1
2009/10,50,Gareth Edds,1
2009/10,50,Joss Labadie,1
2009/10,51,Joss Labadie,1
2009/10,52,Ian Thomas-Moore,1
2009/10,53,Andy Robinson,1
2009/10,53,Ian Thomas-Moore,1
2009/10,54,Ian Goodison,1
2009/10,54,Joss Labadie,1
2009/10,54,Ian Thomas-Moore,1
2010/11,1,Ian Thomas-Moore,1
2010/11,2,Ian Goodison,1
2010/11,5,Enoch Showunmi,1
2010/11,6,Aaron Cresswell,1
2010/11,6,Enoch Showunmi,1
2010/11,7,Enoch Showunmi,1
2010/11,8,Arnaud Mendy,1
2010/11,9,Ian Thomas-Moore,1
2010/11,10,Enoch Showunmi,1
2010/11,11,Enoch Showunmi,1
2010/11,12,Dale Jennings,1
2010/11,13,Aaron Cresswell,1
2010/11,16,Enoch Showunmi,1
2010/11,16,Ian Thomas-Moore,1
2010/11,16,John Welsh,2
2010/11,18,Dale Jennings,2
2010/11,18,Ian Thomas-Moore,2
2010/11,20,Aaron Cresswell,1
2010/11,20,Ian Goodison,1
2010/11,20,Ian Thomas-Moore,1
2010/11,21,Ian Thomas-Moore,1
2010/11,22,Dale Jennings,1
2010/11,23,Enoch Showunmi,1
2010/11,25,Scott Wootton,1
2010/11,27,Joss Labadie,1
2010/11,27,Ian Thomas-Moore,1
2010/11,28,Ian Goodison,1
2010/11,28,Ian Thomas-Moore,1
2010/11,29,Aaron Cresswell,1
2010/11,29,Lateef Elford Alliyu,1
2010/11,31,Dale Jennings,1
2010/11,31,John Welsh,1
2010/11,33,Lateef Elford Alliyu,1
2010/11,34,Lateef Elford Alliyu,2
2010/11,34,Enoch Showunmi,1
2010/11,35,Lateef Elford Alliyu,1
2010/11,35,Ian Goodison,1
2010/11,35,Enoch Showunmi,1
2010/11,36,John Welsh,1
2010/11,37,Joss Labadie,1
2010/11,39,Zoumana Bakayogo,1
2010/11,40,Enoch Showunmi,1
2010/11,43,Enoch Showunmi,1
2010/11,47,Ian Goodison,1
2010/11,47,Adam McGurk,1
2010/11,48,Ian Goodison,1
2010/11,48,Enoch Showunmi,1
2010/11,50,Dale Jennings,1
2010/11,51,Lucas Akins,2
2010/11,51,Michael Kay,1
2010/11,51,Enoch Showunmi,1
2010/11,52,Aaron Cresswell,1
2010/11,52,Adam McGurk,2
2011/12,1,Robbie Weir,1
2011/12,3,David Buchanan,1
2011/12,4,Joss Labadie,1
2011/12,4,John Welsh,1
2011/12,5,Joss Labadie,1
2011/12,6,Andy Robinson,1
2011/12,6,Robbie Weir,1
2011/12,7,Ash Taylor,1
2011/12,10,Lucas Akins,1
2011/12,11,Enoch Showunmi,1
2011/12,11,Ash Taylor,1
2011/12,12,Jose Baxter,1
2011/12,14,Adam McGurk,1
2011/12,15,Ash Taylor,1
2011/12,16,Jose Baxter,1
2011/12,17,Mustafa Tiryaki,1
2011/12,17,Robbie Weir,1
2011/12,18,Lucas Akins,2
2011/12,19,Mustafa Tiryaki,2
2011/12,21,Adam McGurk,1
2011/12,21,Enoch Showunmi,1
2011/12,21,Mustafa Tiryaki,1
2011/12,23,Jose Baxter,1
2011/12,26,Joss Labadie,1
2011/12,27,Joss Labadie,1
2011/12,27,Ash Taylor,1
2011/12,28,Ian Goodison,1
2011/12,29,Martin Devaney,1
2011/12,30,Adam McGurk,1
2011/12,32,Martin Devaney,1
2011/12,33,Adam McGurk,1
2011/12,34,Adam McGurk,1
2011/12,36,Ryan Brunt,1
2011/12,39,John Welsh,1
2011/12,40,Andy Robinson,1
2011/12,40,Enoch Showunmi,1
2011/12,41,Andy Robinson,1
2011/12,41,Enoch Showunmi,1
2011/12,42,Lucas Akins,1
2011/12,43,Jake Cassidy,1
2011/12,43,James Wallace,1
2011/12,44,Jake Cassidy,1
2011/12,44,Joss Labadie,1
2011/12,46,Lucas Akins,1
2011/12,46,Jake Cassidy,2
2011/12,48,Andy Robinson,1
2011/12,49,John Welsh,1
2011/12,50,Jake Cassidy,1
2011/12,50,James Wallace,1
2011/12,51,Mark McChrystal,1
2012/13,1,Abdulai Bell-Baggie,1
2012/13,1,Cole Stockton,1
2012/13,2,John-Louis Akpa Akpro,2
2012/13,2,Zoumana Bakayogo,1
2012/13,3,Andy Robinson,3
2012/13,4,John-Louis Akpa Akpro,1
2012/13,6,Zoumana Bakayogo,1
2012/13,6,Jake Cassidy,3
2012/13,9,Jake Cassidy,1
2012/13,9,Andy Robinson,1
2012/13,10,Jake Cassidy,1
2012/13,10,Andy Robinson,2
2012/13,11,John-Louis Akpa Akpro,1
2012/13,11,Jake Cassidy,2
2012/13,11,Danny Holmes,1
2012/13,11,Andy Robinson,1
2012/13,12,John-Louis Akpa Akpro,1
2012/13,13,John-Louis Akpa Akpro,2
2012/13,13,James Wallace,1
2012/13,14,Joe Thompson,1
2012/13,15,Jake Cassidy,1
2012/13,15,Danny Holmes,1
2012/13,15,James Wallace,1
2012/13,16,Jake Jervis,1
2012/13,17,Jake Cassidy,1
2012/13,18,Jake Cassidy,1
2012/13,19,Andy Robinson,1
2012/13,19,Cole Stockton,1
2012/13,20,Adam McGurk,1
2012/13,21,Max Power,1
2012/13,21,Cole Stockton,1
2012/13,21,Joe Thompson,1
2012/13,24,Jake Cassidy,1
2012/13,25,Adam McGurk,1
2012/13,25,Cole Stockton,1
2012/13,26,Michael O'Halloran,1
2012/13,26,Ash Taylor,1
2012/13,29,Adam McGurk,1
2012/13,29,Max Power,1
2012/13,30,Cole Stockton,1
2012/13,31,Andy Robinson,1
2012/13,33,David Amoo,1
2012/13,33,Zoumana Bakayogo,1
2012/13,35,Adam McGurk,1
2012/13,35,Andy Robinson,1
2012/13,37,Michael O'Halloran,1
2012/13,39,Donervon Daniels,1
2012/13,40,John-Louis Akpa Akpro,1
2012/13,40,Michael O'Halloran,1
2012/13,40,Max Power,1
2012/13,40,Cole Stockton,1
2012/13,40,Ash Taylor,1
2012/13,41,Abdulai Bell-Baggie,1
2012/13,43,Max Power,1
2012/13,46,Zoumana Bakayogo,2
2012/13,46,Ben Gibson,1
2013/14,1,Andy Robinson,1
2013/14,2,Chris Atkinson,1
2013/14,2,Andy Robinson,1
2013/14,3,Ryan Lowe,1
2013/14,3,Joe Thompson,2
2013/14,4,John-Louis Akpa Akpro,1
2013/14,6,Cole Stockton,1
2013/14,7,Ryan Lowe,1
2013/14,8,Evan Horwood,1
2013/14,10,Chris Atkinson,1
2013/14,10,Adam Dugdale,1
2013/14,10,Cole Stockton,1
2013/14,15,Ryan Lowe,1
2013/14,17,Ryan Lowe,1
2013/14,18,Ryan Lowe,2
2013/14,18,James Rowe,1
2013/14,19,Chris Atkinson,1
2013/14,20,Ryan Lowe,1
2013/14,21,Liam Ridehalgh,1
2013/14,22,Jake Kirby,1
2013/14,22,Ryan Lowe,3
2013/14,22,James Wallace,1
2013/14,24,Ryan Lowe,2
2013/14,26,Ryan Lowe,1
2013/14,27,Ryan Lowe,1
2013/14,28,Andy Robinson,1
2013/14,29,Ash Taylor,1
2013/14,30,Ryan Lowe,1
2013/14,31,Cole Stockton,1
2013/14,33,Matthew Pennington,1
2013/14,34,Andy Robinson,1
2013/14,35,Ryan Lowe,1
2013/14,36,Ash Taylor,1
2013/14,37,Jake Cassidy,1
2013/14,37,Jason Koumas,1
2013/14,38,Jake Kirby,1
2013/14,38,Ryan Lowe,1
2013/14,38,James Wallace,1
2013/14,39,Jason Koumas,1
2013/14,39,Ryan Lowe,1
2013/14,42,Steven Jennings,1
2013/14,42,Jason Koumas,1
2013/14,42,Ryan Lowe,1
2013/14,43,Jason Koumas,1
2013/14,43,Ash Taylor,1
2013/14,44,Max Power,1
2013/14,46,John-Louis Akpa Akpro,1
2013/14,46,Ryan Lowe,1
2013/14,47,Junior Brown,1
2013/14,47,Max Power,1
2013/14,52,Matthew Pennington,1
2014/15,1,James Rowe,1
2014/15,3,Abdulai Bell-Baggie,1
2014/15,4,Max Power,1
2014/15,4,Cole Stockton,1
2014/15,5,Marc Laird,1
2014/15,5,Eliot Richards,1
2014/15,6,Cole Stockton,2
2014/15,7,Abdulai Bell-Baggie,2
2014/15,10,Danny Holmes,1
2014/15,13,Max Power,1
2014/15,17,Armand Gnanduillet,2
2014/15,18,Michael Ihiekwe,1
2014/15,18,Steven Jennings,1
2014/15,19,Max Power,1
2014/15,20,Danny Johnson,1
2014/15,20,Max Power,1
2014/15,22,Max Power,1
2014/15,23,Shamir Fenelon,1
2014/15,23,Max Power,1
2014/15,23,James Rowe,1
2014/15,24,Jason Koumas,1
2014/15,24,Cole Stockton,1
2014/15,25,Kayode Odejayi,1
2014/15,25,Max Power,1
2014/15,26,Max Power,1
2014/15,27,Kayode Odejayi,1
2014/15,27,Max Power,1
2014/15,28,Cole Stockton,1
2014/15,30,Jake Kirby,1
2014/15,30,Kayode Odejayi,1
2014/15,31,Max Power,1
2014/15,31,Cole Stockton,1
2014/15,33,Rory Donnelly,2
2014/15,33,Shamir Fenelon,1
2014/15,34,Kayode Odejayi,1
2014/15,35,Rory Donnelly,1
2014/15,35,Jennison Myrie-Williams,1
2014/15,37,Rory Donnelly,1
2014/15,39,Rory Donnelly,1
2014/15,39,Danny Holmes,1
2014/15,40,Jennison Myrie-Williams,1
2014/15,42,Jordan Hugill,1
2014/15,43,Dan Gardner,1
2014/15,43,Max Power,1
2014/15,45,Dan Gardner,1
2014/15,45,Max Power,1
2014/15,46,Kayode Odejayi,1
2014/15,47,George Green,1
2014/15,48,Jennison Myrie-Williams,1
2014/15,48,Kayode Odejayi,1
2014/15,53,Kayode Odejayi,1
2014/15,53,Max Power,1
2015/16,1,Jay Harris,1
2015/16,2,Matt Hill,1
2015/16,2,Michael Ihiekwe,1
2015/16,2,Liam Ridehalgh,1
2015/16,2,Richard Sutton,1
2015/16,4,Andy Mangan,1
2015/16,6,Lois Maynard,1
2015/16,7,Liam Hogan,1
2015/16,7,Andy Mangan,1
2015/16,8,Lois Maynard,1
2015/16,9,Liam Hogan,1
2015/16,9,James Norwood,1
2015/16,10,Jay Harris,1
2015/16,10,James Norwood,1
2015/16,11,Nathan Blissett,1
2015/16,12,Andy Mangan,1
2015/16,12,Adam Mekki,1
2015/16,12,James Norwood,1
2015/16,13,Andy Mangan,1
2015/16,14,Andy Mangan,2
2015/16,14,Jonathon Margetts,2
2015/16,15,Andy Mangan,1
2015/16,15,Lois Maynard,1
2015/16,16,Steven Jennings,1
2015/16,18,James Norwood,1
2015/16,18,Gary Taylor-Fletcher,1
2015/16,23,James Norwood,2
2015/16,24,James Norwood,1
2015/16,26,Adam Mekki,1
2015/16,28,James Norwood,1
2015/16,29,Michael Ihiekwe,1
2015/16,29,Steve McNulty,1
2015/16,30,James Norwood,1
2015/16,32,Jeff Hughes,1
2015/16,32,Jake Kirby,1
2015/16,32,Lois Maynard,1
2015/16,32,Adam Mekki,1
2015/16,33,Lee Vaughan,1
2015/16,34,James Norwood,1
2015/16,34,Gary Taylor-Fletcher,1
2015/16,35,James Norwood,1
2015/16,38,James Norwood,1
2015/16,39,Michael Higdon,1
2015/16,39,James Norwood,2
2015/16,40,Jake Kirby,1
2015/16,42,Jay Harris,1
2015/16,43,Jake Kirby,1
2015/16,43,Adam Mekki,1
2015/16,43,James Norwood,1
2015/16,44,James Norwood,2
2015/16,45,Lee Vaughan,1
2015/16,46,Michael Higdon,1
2015/16,47,James Norwood,1
2015/16,48,James Norwood,1
2015/16,49,Steven Jennings,1
2016/17,1,James Norwood,2
2016/17,2,Andy Cook,1
2016/17,2,James Norwood,1
2016/17,3,Steven Jennings,1
2016/17,3,James Norwood,1
2016/17,4,Connor Jennings,1
2016/17,5,Andy Cook,1
2016/17,5,Steve McNulty,1
2016/17,6,Andy Cook,1
2016/17,7,James Norwood,1
2016/17,8,Andy Cook,1
2016/17,12,Andy Cook,2
2016/17,12,James Norwood,1
2016/17,15,Andy Cook,1
2016/17,17,Jake Kirby,2
2016/17,17,James Norwood,1
2016/17,18,Andy Cook,1
2016/17,19,Andy Cook,2
2016/17,19,Ben Tollitt,1
2016/17,20,Andy Cook,1
2016/17,20,Ben Tollitt,1
2016/17,21,Andy Cook,1
2016/17,22,Lois Maynard,1
2016/17,22,James Norwood,1
2016/17,23,Andy Mangan,2
2016/17,24,Ben Tollitt,1
2016/17,25,James Norwood,1
2016/17,27,Jeff Hughes,1
2016/17,28,Jeff Hughes,1
2016/17,29,Steve McNulty,1
2016/17,29,Richard Sutton,1
2016/17,32,Andy Cook,1
2016/17,32,Ben Tollitt,2
2016/17,35,Andy Cook,2
2016/17,36,James Norwood,1
2016/17,36,Ben Tollitt,1
2016/17,37,Andy Cook,2
2016/17,39,Andy Cook,1
2016/17,39,Jay Harris,1
2016/17,39,James Norwood,1
2016/17,40,Andy Cook,1
2016/17,44,Andy Cook,1
2016/17,44,Jay Harris,3
2016/17,45,Andy Cook,1
2016/17,46,Cole Stockton,1
2016/17,48,Michael Ihiekwe,2
2016/17,49,Aaron Collins,1
2016/17,49,Andy Cook,1
2016/17,49,Connor Jennings,3
2016/17,49,Liam Ridehalgh,1
2016/17,49,Cole Stockton,3
2016/17,51,Connor Jennings,1
2016/17,51,Cole Stockton,1
2016/17,52,Andy Cook,1
2016/17,52,James Norwood,1
2016/17,53,Connor Jennings,2
2016/17,53,James Norwood,2
2016/17,54,Sam Ilesanmi,1
2016/17,55,James Norwood,1
2016/17,55,Cole Stockton,2
2016/17,56,James Norwood,1
2016/17,56,Cole Stockton,1
2016/17,57,Connor Jennings,1
2017/18,2,Andy Cook,1
2017/18,2,James McEveley,1
2017/18,2,Oliver Norburn,1
2017/18,6,Andy Cook,1
2017/18,6,Andy Mangan,1
2017/18,7,Andy Cook,1
2017/18,7,Oliver Norburn,1
2017/18,9,James Norwood,1
2017/18,13,James Norwood,1
2017/18,14,Andy Cook,1
2017/18,14,James Norwood,1
2017/18,17,Steve McNulty,1
2017/18,18,James McEveley,1
2017/18,19,Larnell Cole,1
2017/18,19,Dylan Mottley Henry,1
2017/18,19,James Norwood,2
2017/18,20,Andy Cook,1
2017/18,21,Oliver Norburn,1
2017/18,21,James Norwood,1
2017/18,24,Larnell Cole,1
2017/18,24,Andy Cook,1
2017/18,25,Andy Cook,1
2017/18,25,Oliver Norburn,1
2017/18,25,James Norwood,2
2017/18,26,Andy Cook,2
2017/18,26,Connor Jennings,1
2017/18,28,Adam Buxton,1
2017/18,28,Andy Cook,1
2017/18,28,Connor Jennings,1
2017/18,29,Connor Jennings,2
2017/18,29,Richard Sutton,2
2017/18,30,Andy Cook,1
2017/18,30,Connor Jennings,2
2017/18,30,James Norwood,1
2017/18,31,Ollie Banks,1
2017/18,31,Connor Jennings,1
2017/18,32,James Norwood,1
2017/18,33,Andy Cook,1
2017/18,34,Josh Ginnelly,1
2017/18,34,Jeff Hughes,1
2017/18,34,James Norwood,1
2017/18,35,Andy Cook,1
2017/18,35,Richard Sutton,1
2017/18,36,Andy Cook,1
2017/18,36,James Norwood,2
2017/18,37,Richard Sutton,1
2017/18,38,Connor Jennings,1
2017/18,39,Andy Cook,1
2017/18,40,Adam Buxton,1
2017/18,40,Andy Cook,1
2017/18,41,Andy Cook,2
2017/18,41,James Norwood,2
2017/18,42,James Norwood,1
2017/18,43,Andy Cook,2
2017/18,43,Richard Sutton,1
2017/18,44,Andy Cook,1
2017/18,44,James Norwood,1
2017/18,45,Andy Cook,4
2017/18,46,James Norwood,2
2017/18,47,Andy Cook,1
2017/18,48,Andy Cook,1
2017/18,48,James Norwood,1
2017/18,49,Devarn Green,1
2017/18,50,Jeff Hughes,1
2017/18,51,Larnell Cole,1
2017/18,51,Josh Ginnelly,1
2017/18,51,James Norwood,2
2017/18,52,Andy Cook,1
2017/18,52,James Norwood,1
2018/19,1,James Norwood,2
2018/19,2,James Norwood,1
2018/19,3,Larnell Cole,1
2018/19,4,James Norwood,1
2018/19,4,Jonny Smith,1
2018/19,6,James Norwood,1
2018/19,7,James Norwood,1
2018/19,8,Jay Harris,1
2018/19,8,Paul Mullin,1
2018/19,8,Cole Stockton,1
2018/19,9,James Norwood,1
2018/19,10,Paul Mullin,1
2018/19,12,Jonny Smith,1
2018/19,13,James Norwood,1
2018/19,14,Ollie Banks,1
2018/19,14,Harvey Gilmour,2
2018/19,14,Jonny Smith,1
2018/19,16,Harvey Gilmour,1
2018/19,18,Paul Mullin,1
2018/19,19,Adam Buxton,1
2018/19,19,Connor Jennings,1
2018/19,19,Paul Mullin,1
2018/19,19,James Norwood,2
2018/19,21,James Norwood,2
2018/19,22,Connor Jennings,2
2018/19,22,James Norwood,1
2018/19,23,Paul Mullin,1
2018/19,23,James Norwood,1
2018/19,24,Paul Mullin,1
2018/19,24,James Norwood,1
2018/19,25,Connor Jennings,1
2018/19,26,Paul Mullin,1
2018/19,26,James Norwood,1
2018/19,27,Jonny Smith,1
2018/19,28,James Norwood,1
2018/19,29,Connor Jennings,1
2018/19,29,Jonny Smith,1
2018/19,30,Connor Jennings,2
2018/19,31,Richard Sutton,1
2018/19,32,Jay Harris,1
2018/19,32,James Norwood,1
2018/19,32,Cole Stockton,1
2018/19,34,Connor Jennings,1
2018/19,36,Ollie Banks,1
2018/19,36,Ishmael Miller,1
2018/19,36,James Norwood,1
2018/19,37,James Norwood,1
2018/19,39,James Norwood,1
2018/19,40,Kieron Morris,1
2018/19,40,James Norwood,1
2018/19,42,James Norwood,2
2018/19,43,Connor Jennings,1
2018/19,44,James Norwood,1
2018/19,45,James Norwood,1
2018/19,46,Connor Jennings,2
2018/19,46,Emmanuel Monthe,1
2018/19,46,James Norwood,1
2018/19,47,James Norwood,1
2018/19,47,David Perkins,1
2018/19,48,Ollie Banks,1
2018/19,48,Emmanuel Monthe,1
2018/19,48,James Norwood,1
2018/19,51,Connor Jennings,1
2018/19,51,David Perkins,1
2018/19,54,James Norwood,1
2018/19,55,James Norwood,1
2018/19,56,Ollie Banks,1
2018/19,57,James Norwood,1
2018/19,58,Connor Jennings,1
2019/20,1,Connor Jennings,1
2019/20,4,Ollie Banks,1
2019/20,4,Morgan Ferrier,2
2019/20,4,Connor Jennings,1
2019/20,4,Stefan Payne,1
2019/20,6,Stefan Payne,1
2019/20,7,Connor Jennings,1
2019/20,7,Paul Mullin,1
2019/20,9,Ollie Banks,1
2019/20,9,Liam Ridehalgh,1
2019/20,10,Ollie Banks,1
2019/20,10,Stefan Payne,1
2019/20,11,Stefan Payne,1
2019/20,13,Connor Jennings,1
2019/20,13,George Ray,1
2019/20,14,Corey Taylor,1
2019/20,15,Paul Mullin,1
2019/20,17,Rushian Hepburn-Murphy,3
2019/20,18,Kieron Morris,2
2019/20,21,Morgan Ferrier,1
2019/20,21,Kieron Morris,1
2019/20,22,Paul Mullin,1
2019/20,23,Morgan Ferrier,3
2019/20,23,Corey Taylor,2
2019/20,24,Rushian Hepburn-Murphy,1
2019/20,24,Connor Jennings,1
2019/20,24,Corey Taylor,1
2019/20,25,Kieron Morris,1
2019/20,27,Rushian Hepburn-Murphy,1
2019/20,28,Morgan Ferrier,1
2019/20,28,Kieron Morris,1
2019/20,29,Morgan Ferrier,1
2019/20,30,Connor Jennings,1
2019/20,31,Connor Jennings,1
2019/20,31,Emmanuel Monthe,1
2019/20,31,Paul Mullin,1
2019/20,32,Harvey Gilmour,1
2019/20,34,Emmanuel Monthe,1
2019/20,35,Emmanuel Monthe,1
2019/20,35,Paul Mullin,1
2019/20,42,James Vaughan,1
2019/20,43,Mark Ellis,1
2019/20,43,Corey Taylor,1
2019/20,43,Alex Woodyard,1
2019/20,44,Mark Ellis,1
2019/20,44,James Vaughan,1
2019/20,45,Morgan Ferrier,1
2019/20,45,James Vaughan,1
2020/21,1,James Vaughan,1
2020/21,6,Stefan Payne,1
2020/21,6,James Vaughan,2
2020/21,7,James Vaughan,2
2020/21,8,Paul Lewis,1
2020/21,8,Kieron Morris,1
2020/21,11,Peter Clarke,1
2020/21,11,James Vaughan,1
2020/21,14,Otis Khan,1
2020/21,15,Peter Clarke,1
2020/21,15,Corey Taylor,1
2020/21,16,Kieron Morris,1
2020/21,16,Kaiyne Woolery,1
2020/21,17,Kieron Morris,1
2020/21,17,James Vaughan,2
2020/21,17,Kaiyne Woolery,1
2020/21,18,Peter Clarke,1
2020/21,18,Otis Khan,1
2020/21,18,Paul Lewis,1
2020/21,18,James Vaughan,2
2020/21,19,Corey Taylor,1
2020/21,20,Kaiyne Woolery,1
2020/21,21,James Vaughan,1
2020/21,22,Liam Feeney,1
2020/21,23,Ollie Banks,1
2020/21,23,Danny Lloyd,1
2020/21,25,Peter Clarke,1
2020/21,25,Kieron Morris,1
2020/21,25,James Vaughan,1
2020/21,27,James Vaughan,1
2020/21,29,Morgan Ferrier,1
2020/21,29,Danny Lloyd,2
2020/21,29,Corey Taylor,1
2020/21,31,Liam Feeney,1
2020/21,31,Paul Lewis,1
2020/21,31,James Vaughan,1
2020/21,32,Danny Lloyd,1
2020/21,32,James Vaughan,1
2020/21,33,James Vaughan,2
2020/21,33,Kaiyne Woolery,1
2020/21,34,Kaiyne Woolery,1
2020/21,35,Paul Lewis,1
2020/21,35,Danny Lloyd,1
2020/21,36,James Vaughan,2
2020/21,36,Kaiyne Woolery,1
2020/21,38,Kieron Morris,1
2020/21,38,Kaiyne Woolery,1
2020/21,39,Calum MacDonald,1
2020/21,39,Kaiyne Woolery,1
2020/21,40,James Vaughan,2
2020/21,40,Kaiyne Woolery,1
2020/21,41,Paul Lewis,1
2020/21,41,Kieron Morris,1
2020/21,41,Kaiyne Woolery,1
2020/21,42,Liam Feeney,1
2020/21,44,Paul Lewis,1
2020/21,44,George Ray,1
2020/21,47,Danny Lloyd,1
2020/21,47,Dave Nugent,1
2020/21,48,Danny Lloyd,1
2020/21,48,Jay Spearing,1
2020/21,49,Kaiyne Woolery,1
2020/21,51,Paul Lewis,1
2020/21,56,Dave Nugent,1
2020/21,57,Kieron Morris,1
2020/21,59,Peter Clarke,1
2020/21,60,James Vaughan,1
2021/22,1,Callum McManaman,1
2021/22,2,Sam Foley,1
2021/22,2,Elliott Nevitt,1
2021/22,7,Tom Davies,1
2021/22,9,Sam Foley,2
2021/22,9,Nicky Maynard,2
2021/22,10,Kieron Morris,1
2021/22,10,Elliott Nevitt,1
2021/22,12,Peter Clarke,2
2021/22,13,Stephen Walker,1
2021/22,13,Ryan Watson,1
2021/22,14,Peter Clarke,1
2021/22,14,Josh Hawkes,1
2021/22,16,Kieron Morris,1
2021/22,16,Jay Spearing,1
2021/22,19,Callum McManaman,1
2021/22,20,Paul Glatzel,2
2021/22,20,Nicky Maynard,1
2021/22,22,Paul Glatzel,1
2021/22,22,Calum MacDonald,1
2021/22,23,Paul Glatzel,1
2021/22,23,Kieron Morris,1
2021/22,25,Charlie Jolley,1
2021/22,26,Elliott Nevitt,1
2021/22,27,Jay Spearing,1
2021/22,28,Nicky Maynard,1
2021/22,29,Nicky Maynard,1
2021/22,29,Kieron Morris,1
2021/22,30,Sam Foley,1
2021/22,30,Charlie Jolley,1
2021/22,30,Elliott Nevitt,1
2021/22,30,Ryan Watson,1
2021/22,31,Paul Glatzel,1
2021/22,32,Charlie Jolley,2
2021/22,33,Jay Spearing,1
2021/22,35,Kieron Morris,1
2021/22,36,Josh Hawkes,1
2021/22,37,Paul Glatzel,1
2021/22,37,Kane Hemmings,2
2021/22,40,Josh Hawkes,1
2021/22,41,Josh Dacres-Cogley,1
2021/22,42,Kane Hemmings,1
2021/22,42,Josh McPake,1
2021/22,43,Peter Clarke,1
2021/22,43,Elliott Nevitt,2
2021/22,44,Kane Hemmings,1
2021/22,44,Lewis Warrington,1
2021/22,45,Josh Hawkes,1
2021/22,47,Kane Hemmings,1
2021/22,47,Elliott Nevitt,1
2021/22,48,Kane Hemmings,1
2021/22,49,Callum McManaman,1
2021/22,50,Josh Hawkes,1
2021/22,50,Elliott Nevitt,1
2021/22,52,Josh Hawkes,1
2021/22,52,Kane Hemmings,1
2021/22,53,Kane Hemmings,1
2022/23,1,Kane Hemmings,1
2022/23,3,Josh Hawkes,1
2022/23,4,Ethan Bristow,1
2022/23,4,Josh Dacres-Cogley,1
2022/23,4,Elliott Nevitt,1
2022/23,7,Elliott Nevitt,1
2022/23,8,Jake Burton,1
2022/23,8,Josh Hawkes,1
2022/23,10,Kane Hemmings,1
2022/23,11,Josh Hawkes,1
2022/23,12,Paul Lewis,1
2022/23,12,Kieron Morris,1
2022/23,13,Elliott Nevitt,1
2022/23,14,Josh Hawkes,1
2022/23,15,Neill Byrne,1
2022/23,15,Rhys Hughes,1
2022/23,15,Paul Lewis,1
2022/23,16,Kane Hemmings,1
2022/23,16,Paul Lewis,1
2022/23,17,Elliott Nevitt,2
2022/23,17,Dynel Simeu,1
2022/23,18,Elliott Nevitt,1
2022/23,19,Jordan Turnbull,1
2022/23,20,Kane Hemmings,1
2022/23,23,Neill Byrne,1
2022/23,24,Josh Hawkes,1
2022/23,26,Jordan Turnbull,1
2022/23,28,Jake Burton,1
2022/23,29,Kane Hemmings,1
2022/23,29,Paul Lewis,1
2022/23,29,Kieron Morris,1
2022/23,30,Kane Hemmings,1
2022/23,30,Jordan Turnbull,1
2022/23,32,Josh Hawkes,1
2022/23,32,Kane Hemmings,1
2022/23,33,Josh Hawkes,1
2022/23,35,Kane Hemmings,1
2022/23,35,Kieron Morris,1
2022/23,37,Kieron Morris,1
2022/23,40,Josh Hawkes,1
2022/23,41,Jordan Turnbull,1
2022/23,42,Josh Hawkes,1
2022/23,44,Regan Hendry,1
2022/23,45,Harvey Saunders,1
2022/23,48,Harvey Saunders,1
2022/23,49,Harvey Saunders,1
2022/23,50,Josh Hawkes,1
2022/23,51,Josh Hawkes,1
2022/23,51,Rhys Hughes,1
2022/23,52,Samuel Taylor,1
