season,squad_no,player_name
1999/00,1,John Achterberg
1999/00,2,Graham Allen
1999/00,3,Andy Thompson
1999/00,4,Wayne Allison
1999/00,5,Dave Challinor
1999/00,6,Clint Hill
1999/00,7,Alan Mahon
1999/00,8,Georges Santos
1999/00,9,David Kelly
1999/00,10,Scott Taylor
1999/00,11,Nick Henry
1999/00,12,Lee Jones
1999/00,13,Joe Murphy
1999/00,14,Andy Parkinson
1999/00,15,Gary Jones
1999/00,16,Alan Morgan
1999/00,17,Jason Koumas
1999/00,18,Stephen Frail
1999/00,19,Ryan Williams
1999/00,20,Richard Hinds
1999/00,21,Ian Sharps
1999/00,22,Neil Gibson
1999/00,23,Tommy Holmes
1999/00,24,Ian Joy
1999/00,24,Phil Babb
1999/00,25,Perry Taylor
1999/00,26,Peter Rogers
1999/00,27,Eric Nixon
1999/00,28,Andy Moran
1999/00,29,Michael Black
1999/00,30,Reuben Hazell
1999/00,31,Steve Yates
1999/00,32,Pedro Miguel Matias
1999/00,33,Gareth Roberts
1999/00,34,Iain Hume
1999/00,34,Tony Grant
1999/00,35,Paul Aldridge
1999/00,36,Alex Hay
2000/01,1,John Achterberg
2000/01,2,Steve Yates
2000/01,3,Gareth Roberts
2000/01,4,Wayne Allison
2000/01,5,Dave Challinor
2000/01,6,Clint Hill
2000/01,7,Wayne Gill
2000/01,8,Nick Henry
2000/01,9,Andy Parkinson
2000/01,10,Scott Taylor
2000/01,11,Stuart Barlow
2000/01,12,Alan Morgan
2000/01,13,Joe Murphy
2000/01,14,Reuben Hazell
2000/01,15,Graham Allen
2000/01,16,Jason Koumas
2000/01,17,Michael Black
2000/01,18,Richard Hinds
2000/01,19,Ian Sharps
2000/01,20,Paul Aldridge
2000/01,21,Alex Hay
2000/01,22,Iain Hume
2000/01,23,Eric Nixon
2000/01,24,Perry Taylor
2000/01,25,Paul Rideout
2000/01,26,Sean Flynn
2000/01,27,Des Hamilton
2000/01,28,Andy Ralph
2000/01,29,Thomas Myhre
2000/01,30,Danny Harrison
2000/01,31,Richard Jobson
2000/01,32,Micky Mellon
2000/01,33,Seyni N'Diaye
2000/01,34,Jeff Kenna
2000/01,35,Simon Osborn
2000/01,36,James Olsen
2001/02,1,Joe Murphy
2001/02,2,Steve Yates
2001/02,3,Gareth Roberts
2001/02,4,Graham Allen
2001/02,5,Dave Challinor
2001/02,6,Clint Hill
2001/02,7,Micky Mellon
2001/02,8,Jason Koumas
2001/02,9,Andy Parkinson
2001/02,10,Seyni N'Diaye
2001/02,10,Simon Haworth
2001/02,11,Stuart Barlow
2001/02,12,Alan Morgan
2001/02,13,John Achterberg
2001/02,14,Paul Rideout
2001/02,15,Wayne Allison
2001/02,16,Sean Flynn
2001/02,17,Wayne Gill
2001/02,18,Richard Jobson
2001/02,19,Richard Hinds
2001/02,20,Reuben Hazell
2001/02,21,Ian Sharps
2001/02,22,James Olsen
2001/02,23,Iain Hume
2001/02,24,Alex Hay
2001/02,25,Paul Aldridge
2001/02,26,Danny Harrison
2001/02,27,Phillip Baker
2001/02,28,Sean Thornton
2001/02,29,Thomas Dreves
2001/02,30,Andy Ralph
2001/02,31,Nick Henry
2001/02,32,Eric Nixon
2001/02,33,Ryan Taylor
2001/02,34,Jason Price
2001/02,35,Alan Navarro
2002/03,1,John Achterberg
2002/03,2,Graham Allen
2002/03,3,Gareth Roberts
2002/03,4,Micky Mellon
2002/03,5,Kevin Gray
2002/03,6,Ian Sharps
2002/03,7,Jason Price
2002/03,8,Jason Koumas
2002/03,9,Simon Haworth
2002/03,10,Alan Navarro
2002/03,11,Stuart Barlow
2002/03,12,Andy Parkinson
2002/03,13,Keith Welch
2002/03,13,Russell Howarth
2002/03,14,Richard Hinds
2002/03,15,Iain Hume
2002/03,16,Alex Hay
2002/03,17,James Olsen
2002/03,18,Danny Harrison
2002/03,19,Phillip Baker
2002/03,20,Ryan Taylor
2002/03,21,Jamie McGuire
2002/03,22,Paul Robinson
2002/03,23,Paul Linwood
2002/03,24,Karl Dunbar
2002/03,25,Shane Nicholson
2002/03,26,Sean Connelly
2002/03,27,Phil Palethorpe
2002/03,28,Tyrone Loran
2002/03,31,Andy Robinson
2002/03,31,Pat McGibbon
2002/03,31,Phil Whitehead
2002/03,32,Eric Nixon
2002/03,33,Christian Edwards
2002/03,33,Ian Feuer
2002/03,34,Gary Jones
2002/03,35,Mike Jackson
2002/03,35,Tom Curtis
2002/03,36,Adam Proudlock
2002/03,36,Iain Anderson
2002/03,37,Marvin Robinson
2003/04,1,John Achterberg
2003/04,2,Sean Connelly
2003/04,3,Gareth Roberts
2003/04,4,Graham Allen
2003/04,5,Ian Sharps
2003/04,6,Tyrone Loran
2003/04,7,Iain Hume
2003/04,8,Micky Mellon
2003/04,9,Simon Haworth
2003/04,10,Gary Jones
2003/04,11,Shane Nicholson
2003/04,12,Kevin Gray
2003/04,13,Russell Howarth
2003/04,14,Eugene Dadi
2003/04,15,Ryan Taylor
2003/04,16,Alan Navarro
2003/04,17,Alex Hay
2003/04,18,Danny Harrison
2003/04,19,James Olsen
2003/04,20,Jamie McGuire
2003/04,21,Paul Robinson
2003/04,22,Paul Linwood
2003/04,23,David Beresford
2003/04,25,Neil Ashton
2003/04,26,Steven Jennings
2003/04,27,Chris Dagnall
2003/04,28,Phil Palethorpe
2003/04,29,Carl Tremarco
2003/04,30,Ian Goodison
2003/04,31,Paul Hall
2003/04,39,Iffy Onuora
2004/05,1,John Achterberg
2004/05,2,Ryan Taylor
2004/05,3,Gareth Roberts
2004/05,4,Mike Jackson
2004/05,5,Ian Sharps
2004/05,6,Tyrone Loran
2004/05,7,Iain Hume
2004/05,8,Mark Rankine
2004/05,9,Simon Haworth
2004/05,10,Gary Jones
2004/05,11,Paul Hall
2004/05,12,Calvin Zola
2004/05,13,Russell Howarth
2004/05,14,Eugene Dadi
2004/05,15,Ian Goodison
2004/05,16,Theodore Whitmore
2004/05,17,Paul Linwood
2004/05,18,Danny Harrison
2004/05,19,Steven Jennings
2004/05,20,David Beresford
2004/05,21,Chris Dagnall
2004/05,22,Neil Ashton
2004/05,23,Carl Tremarco
2004/05,24,Alan Navarro
2004/05,25,Paul Robinson
2004/05,26,Paul Brown
2004/05,27,Oliver James
2004/05,28,Ged Scott
2004/05,29,Phil Palethorpe
2004/05,30,James Vaughan
2004/05,31,Paul Martin
2004/05,34,Jason McAteer
2005/06,1,John Achterberg
2005/06,2,Alex Bruce
2005/06,2,Simon Francis
2005/06,3,Gareth Roberts
2005/06,4,Mike Jackson
2005/06,5,Ian Sharps
2005/06,6,Jason McAteer
2005/06,7,Iain Hume
2005/06,7,Nicky Summerbee
2005/06,8,Mark Rankine
2005/06,9,Calvin Zola
2005/06,10,Chris Greenacre
2005/06,11,Sam Aiston
2005/06,12,Steven Jennings
2005/06,13,Steve Wilson
2005/06,14,Delroy Facey
2005/06,14,Eugene Dadi
2005/06,15,Ian Goodison
2005/06,16,Theodore Whitmore
2005/06,17,Paul Linwood
2005/06,18,Danny Harrison
2005/06,19,Stephen O'Leary
2005/06,20,Carl Tremarco
2005/06,21,Chris Dagnall
2005/06,22,Paul Brown
2005/06,23,Oliver James
2005/06,24,Paul Martin
2005/06,25,Joe Fowler
2005/06,26,James Vaughan
2005/06,27,Phil Palethorpe
2005/06,28,Steve Davies
2005/06,29,Paul Henry
2005/06,30,Dino Seremet
2005/06,31,David Raven
2005/06,32,Matt Murray
2005/06,33,Mike Jones
2006/07,1,Gavin Ward
2006/07,2,Robbie Stockdale
2006/07,3,Carl Tremarco
2006/07,4,Paul McLaren
2006/07,5,Shane Cansdell-Sherriff
2006/07,6,Jason McAteer
2006/07,7,John Mullin
2006/07,8,Calvin Zola
2006/07,9,Gareth Taylor
2006/07,10,Chris Greenacre
2006/07,11,Kevin Ellison
2006/07,12,Steven Jennings
2006/07,13,Ben Hinchliffe
2006/07,14,John Thompson
2006/07,15,Ian Goodison
2006/07,16,Chris McCready
2006/07,17,Oliver James
2006/07,18,Danny Harrison
2006/07,19,Steve Davies
2006/07,20,Paul Henry
2006/07,21,Mike Jones
2006/07,22,Michael Johnstone
2006/07,23,Chris Shuker
2006/07,24,John Achterberg
2006/07,25,Craig Curran
2006/07,26,Joe Hart
2006/07,26,Shane McSweeney
2007/08,1,Danny Coyne
2007/08,2,Robbie Stockdale
2007/08,3,Carl Tremarco
2007/08,4,Paul McLaren
2007/08,5,Shane Cansdell-Sherriff
2007/08,6,Antony Kay
2007/08,7,John Mullin
2007/08,8,Calvin Zola
2007/08,9,Gareth Taylor
2007/08,9,Ian Thomas-Moore
2007/08,10,Chris Greenacre
2007/08,11,Adnan Ahmed
2007/08,12,Steven Jennings
2007/08,13,Shane McSweeney
2007/08,14,Ben Chorley
2007/08,15,Ian Goodison
2007/08,16,Kevin Cooper
2007/08,17,Andy Taylor
2007/08,18,Jennison Myrie-Williams
2007/08,19,Steve Davies
2007/08,20,Paul Henry
2007/08,21,Mike Jones
2007/08,22,Michael Johnstone
2007/08,23,Chris Shuker
2007/08,24,John Achterberg
2007/08,25,Craig Curran
2007/08,26,Danny Holmes
2007/08,27,Terry Gornell
2008/09,1,Danny Coyne
2008/09,2,Godwin Antwi
2008/09,3,Andy Taylor
2008/09,4,Ben Chorley
2008/09,5,Ian Goodison
2008/09,6,Antony Kay
2008/09,7,Bas Savage
2008/09,8,Danny Mayor
2008/09,8,George O'Callaghan
2008/09,9,Ian Thomas-Moore
2008/09,10,Chris Greenacre
2008/09,11,Adnan Ahmed
2008/09,12,Steven Jennings
2008/09,13,Gareth Edds
2008/09,14,Terry Gornell
2008/09,15,Danny Holmes
2008/09,16,Edrissa Sonko
2008/09,17,Luke Waterfall
2008/09,18,Aaron Cresswell
2008/09,19,Charlie Barnett
2008/09,20,Paul Henry
2008/09,21,Josh Macauley
2008/09,22,Ash Taylor
2008/09,23,Chris Shuker
2008/09,24,John Achterberg
2008/09,25,Craig Curran
2008/09,26,Ryan Shotton
2008/09,27,Mark Wilson
2008/09,28,John Johnson
2008/09,28,Robbie Burns
2008/09,29,Peter Kennedy
2009/10,1,Luke Daniels
2009/10,2,Shaleum Logan
2009/10,3,Aaron Cresswell
2009/10,4,Gareth Edds
2009/10,5,Ian Goodison
2009/10,6,Paul McLaren
2009/10,7,Bas Savage
2009/10,8,Marlon Broomes
2009/10,9,Ian Thomas-Moore
2009/10,10,Alan Mahon
2009/10,11,John Welsh
2009/10,12,Ash Taylor
2009/10,13,Joe Collister
2009/10,14,Terry Gornell
2009/10,15,Gavin Gunning
2009/10,15,Kithson Bain
2009/10,16,Josh Macauley
2009/10,17,Thomas Baker
2009/10,18,Chris McCready
2009/10,18,Michael Ricketts
2009/10,19,Charlie Barnett
2009/10,20,Ryan Fraughan
2009/10,21,Andy Robinson
2009/10,21,Sebastien Carole
2009/10,22,Andy Coughlin
2009/10,23,Chris Shuker
2009/10,24,Zoumana Bakayogo
2009/10,25,Craig Curran
2009/10,26,David Martin
2009/10,27,Marvin Sordell
2009/10,28,Luke O'Neill
2009/10,29,Joss Labadie
2009/10,30,Ben Gordon
2009/10,31,Peter Gulacsi
2010/11,1,Gunnar Nielsen
2010/11,1,Tony Warner
2010/11,2,Timothy Cathalina
2010/11,3,Aaron Cresswell
2010/11,4,Marlon Broomes
2010/11,5,Ian Goodison
2010/11,6,Mark McChrystal
2010/11,6,Paul McLaren
2010/11,7,Enoch Showunmi
2010/11,8,John Welsh
2010/11,9,Andy Robinson
2010/11,9,Ian Thomas-Moore
2010/11,10,Robbie Weir
2010/11,10,Terry Gornell
2010/11,12,Ash Taylor
2010/11,13,Joe Collister
2010/11,14,Nick Wood
2010/11,15,Ryan Fraughan
2010/11,17,Liam Darville
2010/11,17,Michael Kay
2010/11,18,Maxime Blanchard
2010/11,19,Kayleden Brown
2010/11,21,Dale Jennings
2010/11,24,Zoumana Bakayogo
2010/11,25,Joss Labadie
2010/11,26,Adam McGurk
2010/11,27,Lucas Akins
2010/11,28,Sam Morrow
2010/11,29,Jermaine Grandison
2010/11,30,Arnaud Mendy
2010/11,31,Peter Gulacsi
2010/11,32,Scott Wootton
2010/11,34,Sam Mantom
2010/11,35,Lateef Elford-Alliyu
2011/12,1,Owain Fon Williams
2011/12,2,Michael Kay
2011/12,3,Zoumana Bakayogo
2011/12,4,Joss Labadie
2011/12,5,Ian Goodison
2011/12,6,Mark McChrystal
2011/12,7,Enoch Showunmi
2011/12,8,John Welsh
2011/12,9,Mustafa Tiryaki
2011/12,10,Robbie Weir
2011/12,11,Andy Robinson
2011/12,12,Ash Taylor
2011/12,13,Andy Coughlin
2011/12,14,Adam McGurk
2011/12,15,Danny Holmes
2011/12,16,David Buchanan
2011/12,17,Lucas Akins
2011/12,18,Jake Cassidy
2011/12,18,Ryan Donaldson
2011/12,19,David Raven
2011/12,20,Max Power
2011/12,21,Jose Baxter
2011/12,23,Paul Rachubka
2011/12,24,Lateef Elford-Alliyu
2011/12,25,Martin Devaney
2011/12,26,Cole Stockton
2011/12,27,James Wallace
2011/12,28,Ryan Brunt
2011/12,29,Jake Kirby
2012/13,1,Owain Fon Williams
2012/13,2,Danny Holmes
2012/13,3,Paul Black
2012/13,4,Ash Taylor
2012/13,5,Ian Goodison
2012/13,6,Liam Palmer
2012/13,7,Joe Thompson
2012/13,8,James Wallace
2012/13,9,Jake Cassidy
2012/13,10,Andy Robinson
2012/13,11,Adam McGurk
2012/13,12,Danny Harrison
2012/13,14,Zoumana Bakayogo
2012/13,15,Jake Kirby
2012/13,16,Cole Stockton
2012/13,17,Max Power
2012/13,18,David Amoo
2012/13,19,Michael Kay
2012/13,20,Michael O'Halloran
2012/13,21,Ben Gibson
2012/13,22,Abdulai Bell-Baggie
2012/13,23,Donervon Daniels
2012/13,23,Roman Golobart
2012/13,24,Jake Jervis
2012/13,24,Paul Corry
2012/13,25,Mamady Sidibe
2012/13,25,Nathan Eccleston
2012/13,26,Jean-Louis Akpa Akpro
2012/13,27,Sean McGinty
2012/13,33,Jason Mooney
2013/14,1,Owain Fon Williams
2013/14,2,Danny Holmes
2013/14,3,Evan Horwood
2013/14,4,Ash Taylor
2013/14,5,Ian Goodison
2013/14,6,Stephen Foster
2013/14,6,Tom Hateley
2013/14,7,Joe Thompson
2013/14,8,James Wallace
2013/14,9,Ryan Lowe
2013/14,10,Andy Robinson
2013/14,11,Abdulai Bell-Baggie
2013/14,12,James Rowe
2013/14,14,Chris Atkinson
2013/14,14,Jake Cassidy
2013/14,15,Jake Kirby
2013/14,16,Cole Stockton
2013/14,17,Max Power
2013/14,18,Andrai Jones
2013/14,18,Steven Jennings
2013/14,19,Akpo Sodje
2013/14,20,Adam Dugdale
2013/14,20,Jim McNulty
2013/14,20,Junior Brown
2013/14,20,Matthew Kennedy
2013/14,22,Jason Koumas
2013/14,23,Liam Ridehalgh
2013/14,25,Gboly Ariyibi
2013/14,25,Kristoffer Peterson
2013/14,26,Jean-Louis Akpa Akpro
2013/14,29,Matthew Pennington
2013/14,29,Ryan Edwards
2013/14,31,Jon Otsemobor
2013/14,32,Stephen Arthurworrey
2013/14,33,Jason Mooney
2014/15,1,Owain Fon Williams
2014/15,2,Danny Holmes
2014/15,3,Liam Ridehalgh
2014/15,4,Max Power
2014/15,5,Michael Ihiekwe
2014/15,6,Marcus Holness
2014/15,7,George Donnelly
2014/15,8,Jason Koumas
2014/15,9,Kayode Odejayi
2014/15,10,Eliot Richards
2014/15,10,George Green
2014/15,10,Jordan Hugill
2014/15,11,Abdulai Bell-Baggie
2014/15,11,Dan Gardner
2014/15,12,James Rowe
2014/15,12,Janoi Donacien
2014/15,14,Marc Laird
2014/15,15,Jake Kirby
2014/15,16,Cole Stockton
2014/15,17,Dan Woodards
2014/15,17,Rob Taylor
2014/15,18,Adam Dugdale
2014/15,19,Clayton McDonald
2014/15,19,Janoi Donacien
2014/15,19,Lee Molyneux
2014/15,22,Gerardo Bruna
2014/15,22,Matthias Fanimo
2014/15,22,Steven Jennings
2014/15,23,Chris Shuker
2014/15,23,Matt Gill
2014/15,24,Evan Gumbs
2014/15,25,Matt Hill
2014/15,26,Peter Brezovan
2014/15,27,Mitch Duggan
2014/15,28,Ben Davies
2014/15,28,Harrison McGahey
2014/15,28,Shamir Fenelon
2014/15,29,George Barker
2014/15,29,Rory Donnelly
2014/15,29,Will Aimson
2014/15,30,Armand Gnanduillet
2014/15,30,Ben Jago
2014/15,30,Calaum Jahraldo-Martin
2014/15,31,Danny Johnson
2014/15,31,Jennison Myrie-Williams
2014/15,32,Josh Thompson
2014/15,33,Guy Madjo
2014/15,34,Iain Hume
2014/15,37,Tolani Omotola
2015/16,1,Scott Davies
2015/16,2,Ritchie Sutton
2015/16,3,Liam Ridehalgh
2015/16,4,Steven Jennings
2015/16,5,Liam Hogan
2015/16,6,Marcus Holness
2015/16,7,Lee Vaughan
2015/16,7,Marlon Jackson
2015/16,8,Jay Harris
2015/16,9,Gary Taylor-Fletcher
2015/16,9,Nathan Blissett
2015/16,10,James Norwood
2015/16,11,Lois Maynard
2015/16,12,Michael Ihiekwe
2015/16,13,Iain Turner
2015/16,14,Andy Mangan
2015/16,14,Jack Mackreth
2015/16,15,Martin Riley
2015/16,16,Matt Hill
2015/16,17,Adam Mekki
2015/16,18,Cole Stockton
2015/16,19,Johnny Margetts
2015/16,20,Adam Dawson
2015/16,20,Jeff Hughes
2015/16,23,Jake Kirby
2015/16,24,Steve McNulty
2015/16,29,Ben Tomlinson
2015/16,29,Michael Higdon
2015/16,37,Scott Fenwick
2016/17,1,Scott Davies
2016/17,2,Lee Vaughan
2016/17,3,Liam Ridehalgh
2016/17,4,Steven Jennings
2016/17,5,Steve McNulty
2016/17,6,Michael Ihiekwe
2016/17,7,Adam Mekki
2016/17,8,Jay Harris
2016/17,9,Andy Cook
2016/17,10,James Norwood
2016/17,11,Connor Jennings
2016/17,12,Ritchie Sutton
2016/17,14,Darren Stephenson
2016/17,15,Louis Almond
2016/17,16,Elliot Osborne
2016/17,16,Jack Dunn
2016/17,17,Jake Kirby
2016/17,18,Ben Tollitt
2016/17,19,Andy Mangan
2016/17,20,Lois Maynard
2016/17,21,Adam Dawson
2016/17,22,Adam Buxton
2016/17,22,Ethan Jones
2016/17,23,Cole Stockton
2016/17,24,Jeff Hughes
2016/17,25,Mitch Duggan
2016/17,26,Luke Pilling
2016/17,28,Evan Gumbs
2016/17,30,Sam Ilesanmi
2016/17,31,Eddie Clarke
2016/17,33,Callum Lucy
2016/17,34,Erico Sousa
2016/17,35,Declan Drysdale
2016/17,37,Josh Solomon-Davies
2016/17,38,James Wallace
2016/17,39,Aaron Collins
2017/18,1,Scott Davies
2017/18,2,Adam Buxton
2017/18,3,Liam Ridehalgh
2017/18,4,Ritchie Sutton
2017/18,5,Steve McNulty
2017/18,6,James McEveley
2017/18,7,Ben Tollitt
2017/18,8,Jay Harris
2017/18,9,Andy Cook
2017/18,10,James Norwood
2017/18,11,Connor Jennings
2017/18,12,James Alabi
2017/18,14,George Waring
2017/18,15,Oliver Norburn
2017/18,16,Jack Dunn
2017/18,17,Jake Kirby
2017/18,18,Dylan Mottley-Henry
2017/18,18,Josh Ginnelly
2017/18,19,Andy Mangan
2017/18,20,Mitch Duggan
2017/18,22,Gerry McDonagh
2017/18,22,Rhys Taylor
2017/18,23,Elliot Rokka
2017/18,24,Jeff Hughes
2017/18,25,Luke Pilling
2017/18,26,Declan Drysdale
2017/18,27,Josh Solomon-Davies
2017/18,28,Evan Gumbs
2017/18,29,Larnell Cole
2017/18,30,Devarn Green
2017/18,31,Eddie Clarke
2017/18,32,Ollie Banks
2017/18,33,Emmanuel Monthe
2017/18,33,Josh Kay
2017/18,34,Drissa Traore
2017/18,36,Carl Spellman
2017/18,37,Danny Walker-Rice
2017/18,38,James Wallace
2018/19,1,Scott Davies
2018/19,2,Adam Buxton
2018/19,3,Liam Ridehalgh
2018/19,4,Ritchie Sutton
2018/19,4,Sid Nelson
2018/19,5,Steve McNulty
2018/19,6,Emmanuel Monthe
2018/19,7,Ben Tollitt
2018/19,8,Jay Harris
2018/19,9,Paul Mullin
2018/19,10,James Norwood
2018/19,11,Connor Jennings
2018/19,12,Luke McCullough
2018/19,14,Jake Caprice
2018/19,15,Ishmael Miller
2018/19,16,Mark Ellis
2018/19,17,David Perkins
2018/19,17,Dylan Mottley-Henry
2018/19,18,Jonny Smith
2018/19,19,Franklyn Akammadu
2018/19,19,Kieron Morris
2018/19,20,Cole Stockton
2018/19,21,Evan Gumbs
2018/19,22,Harvey Gilmour
2018/19,23,Shamal George
2018/19,24,Zoumana Bakayogo
2018/19,27,Ben Pringle
2018/19,27,Ryan Williams
2018/19,28,Ollie Banks
2018/19,29,Chris Dagnall
2018/19,29,Larnell Cole
2018/19,40,Paddy Wharton
2019/20,1,Scott Davies
2019/20,2,Calum Woods
2019/20,3,Liam Ridehalgh
2019/20,4,Sid Nelson
2019/20,5,George Ray
2019/20,6,Emmanuel Monthe
2019/20,7,Kieron Morris
2019/20,8,Darren Potter
2019/20,9,Paul Mullin
2019/20,10,Morgan Ferrier
2019/20,11,Connor Jennings
2019/20,12,Luke McCullough
2019/20,14,Jake Caprice
2019/20,16,Mark Ellis
2019/20,17,David Perkins
2019/20,18,Rushian Hepburn-Murphy
2019/20,19,James Vaughan
2019/20,19,Jordan Ponticelli
2019/20,20,Harvey Gilmour
2019/20,22,Kane Wilson
2019/20,23,Corey Blackett-Taylor
2019/20,24,Jacob Maddox
2019/20,24,Peter Clarke
2019/20,25,Luke Pilling
2019/20,26,Carl Spellman
2019/20,28,Ollie Banks
2019/20,29,Danny Walker-Rice
2019/20,31,Aaron Chapman
2019/20,31,Morgan Feeney
2019/20,32,George Nugent
2019/20,33,Andy Cook
2019/20,33,Cameron Borthwick-Jackson
2019/20,34,Kyle Hayde
2019/20,35,Neil Danns
2019/20,36,Alex Woodyard
2019/20,37,Joe Blackham
2019/20,40,Lewis Sinnott
2019/20,41,Jake Burton
2019/20,45,Stefan Payne
2020/21,1,Scott Davies
2020/21,2,Lee O'Connor
2020/21,3,Liam Ridehalgh
2020/21,4,Sid Nelson
2020/21,5,Mark Ellis
2020/21,6,Emmanuel Monthe
2020/21,7,Kieron Morris
2020/21,8,Jay Spearing
2020/21,9,James Vaughan
2020/21,10,Morgan Ferrier
2020/21,11,Corey Blackett-Taylor
2020/21,12,Charlie Jolley
2020/21,13,Joe Murphy
2020/21,14,Kaiyne Woolery
2020/21,15,Ali Crawford
2020/21,15,Jack Young
2020/21,16,Nya Kirby
2020/21,17,Otis Khan
2020/21,18,Calum MacDonald
2020/21,19,Liam Feeney
2020/21,20,Danny Walker-Rice
2020/21,21,George Ray
2020/21,22,Paul Lewis
2020/21,23,Stefan Payne
2020/21,24,Kyle Hayde
2020/21,25,George Nugent
2020/21,26,Peter Clarke
2020/21,27,Jake Burton
2020/21,28,David Nugent
2020/21,28,Ollie Banks
2020/21,29,Sam Smith
2020/21,35,Danny Lloyd
2021/22,2,Josh Dacres-Cogley
2021/22,3,Calum MacDonald
2021/22,4,Nat Knight-Percival
2021/22,5,Tom Davies
2021/22,6,Chris Merrie
2021/22,7,Kieron Morris
2021/22,8,Jay Spearing
2021/22,9,Emmanuel Dieseruvwe
2021/22,10,Kane Hemmings
2021/22,10,Ryan Watson
2021/22,11,Liam Feeney
2021/22,12,Charlie Jolley
2021/22,13,Joe Murphy
2021/22,14,Callum McManaman
2021/22,15,Josh Hawkes
2021/22,16,Paul Glatzel
2021/22,17,Sam Foley
2021/22,18,Nicky Maynard
2021/22,19,Lewis Warrington
2021/22,19,Stephen Walker
2021/22,20,Elliott Nevitt
2021/22,21,Josh McPake
2021/22,21,Mark Duffy
2021/22,22,Lee O'Connor
2021/22,23,Joe Maguire
2021/22,24,Kyle Hayde
2021/22,25,Ross Doohan
2021/22,26,Peter Clarke
2021/22,27,Jake Burton
2021/22,28,Ryan Stratulis
2022/23,1,Ross Doohan
2022/23,2,Josh Dacres-Cogley
2022/23,3,Ethan Bristow
2022/23,4,Lee O'Connor
2022/23,5,Tom Davies
2022/23,6,Chris Merrie
2022/23,7,Kieron Morris
2022/23,8,Reece McAlear
2022/23,9,Paul Glatzel
2022/23,10,Kane Hemmings
2022/23,11,Josh Hawkes
2022/23,13,Joe Murphy
2022/23,14,Jordan Turnbull
2022/23,15,Ben Hockenhull
2022/23,16,Jon Nolan
2022/23,17,Rhys Hughes
2022/23,18,Kyle Jameson
2022/23,19,Logan Chalmers
2022/23,19,Neill Byrne
2022/23,20,Brad Walker
2022/23,20,Elliott Nevitt
2022/23,21,Luke Robinson
2022/23,22,Paul Lewis
2022/23,23,Mateusz Hewelt
2022/23,24,Regan Hendry
2022/23,25,Joel Mumbongo
2022/23,26,Dynel Simeu
2022/23,26,Harvey Saunders
2022/23,27,Jake Burton
2022/23,30,Arthur Lomax
2022/23,32,Samuel Taylor
2022/23,33,Jay Turner-Cooke
2022/23,34,Florent Hoti
2023/24,1,Luke McGee
2023/24,2,Lee O'Connor
2023/24,3,Jake Leake
2023/24,4,Brad Walker
2023/24,5,Tom Davies
2023/24,6,Jordan Turnbull
2023/24,7,Kieron Morris
2023/24,8,Regan Hendry
2023/24,9,Luke Norris
2023/24,10,Kane Hemmings
2023/24,11,Josh Hawkes
2023/24,12,Charlie Jolley
2023/24,13,Joe Murphy
2023/24,14,Kristian Dennis
2023/24,15,Ben Hockenhull
2023/24,16,Chris Merrie
2023/24,17,Rhys Hughes
2023/24,18,Connor Jennings
2023/24,19,Harvey Saunders
2023/24,20,Samuel Taylor
2023/24,21,Josef Yarney
2023/24,22,Paul Lewis
2023/24,23,Reece McAlear
2023/24,24,Dan Pike
2023/24,25,James Norris
2023/24,26,Rob Apter
2023/24,27,Connor Wood
2023/24,28,Mikey Davies
2023/24,30,Jean Belehouan
2023/24,31,Joseph Starbuck
